Customer ID,Customer Name,Region,Segment
CG-12520,Claire Gute,South,Consumer
DV-13045,Darrin Van Huff,West,Corporate
SO-20335,Sean O'Donnell,South,Consumer
BH-11710,Brosina Hoffman,West,Consumer
AA-10480,Andrew Allen,South,Consumer
IM-15070,Irene Maddox,West,Consumer
HP-14815,Harold Pawlan,Central,Home Office
PK-19075,Pete Kriz,Central,Consumer
AG-10270,Alejandro Grove,West,Consumer
ZD-21925,Zuschuss Donatelli,West,Consumer
KB-16585,Ken Black,Central,Corporate
SF-20065,Sandra Flanagan,East,Consumer
EB-13870,Emily Burns,West,Consumer
EH-13945,Eric Hoffmann,West,Consumer
TB-21520,Tracy Blumstein,East,Consumer
MA-17560,Matt Abelman,Central,Home Office
GH-14485,Gene Hale,Central,Corporate
SN-20710,Steve Nguyen,Central,Home Office
LC-16930,Linda Cazamias,Central,Corporate
RA-19885,Ruben Ausman,West,Corporate
ES-14080,Erin Smith,South,Corporate
ON-18715,Odella Nelson,Central,Corporate
PO-18865,Patrick O'Donnell,Central,Consumer
LH-16900,Lena Hernandez,East,Consumer
DP-13000,Darren Powers,Central,Consumer
JM-15265,Janet Molinari,East,Corporate
TB-21055,Ted Butterfield,East,Consumer
KM-16720,Kunst Miller,West,Consumer
PS-18970,Paul Stevenson,Central,Home Office
BS-11590,Brendan Sweed,West,Corporate
KD-16270,Karen Daniels,South,Consumer
HM-14980,Henry MacAllister,East,Consumer
TB-21520,Tracy Blumstein,Central,Consumer
JE-15745,Joel Eaton,South,Consumer
KB-16600,Ken Brennan,Central,Corporate
JE-15745,Joel Eaton,Central,Consumer
SC-20770,Stewart Carmichael,South,Corporate
DN-13690,Duane Noonan,West,Consumer
JC-16105,Julie Creighton,South,Corporate
CS-12400,Christopher Schild,Central,Home Office
PO-18865,Patrick O'Donnell,South,Consumer
PG-18895,Paul Gonzalez,Central,Consumer
GM-14455,Gary Mitchum,Central,Home Office
JS-15685,Jim Sink,West,Corporate
KB-16315,Karl Braun,Central,Consumer
RB-19705,Roger Barcio,West,Home Office
PN-18775,Parhena Norris,East,Home Office
KD-16345,Katherine Ducich,West,Consumer
ER-13855,Elpida Rittenbach,Central,Corporate
RB-19465,Rick Bensley,Central,Home Office
GZ-14470,Gary Zandusky,Central,Consumer
LC-16870,Lena Cacioppo,West,Consumer
JM-15250,Janet Martin,South,Consumer
PA-19060,Pete Armstrong,Central,Home Office
CV-12805,Cynthia Voltz,East,Corporate
CL-12565,Clay Ludtke,Central,Consumer
RC-19960,Ryan Crowe,East,Consumer
DK-13090,Dave Kipp,West,Consumer
GG-14650,Greg Guthrie,South,Corporate
SC-20725,Steven Cartwright,East,Consumer
AD-10180,Alan Dominguez,Central,Home Office
PF-19165,Philip Fox,Central,Consumer
TS-21610,Troy Staebel,West,Consumer
LS-16975,Lindsay Shagiari,West,Home Office
DW-13585,Dorothy Wardle,East,Corporate
LC-16885,Lena Creighton,West,Consumer
JD-15895,Jonathan Doherty,East,Corporate
SH-19975,Sally Hughsby,West,Corporate
SG-20080,Sandra Glassco,Central,Consumer
HA-14920,Helen Andreada,West,Consumer
MG-17680,Maureen Gastineau,East,Home Office
JE-16165,Justin Ellison,Central,Corporate
TW-21025,Tamara Willingham,West,Home Office
SP-20650,Stephanie Phelps,West,Corporate
NK-18490,Neil Knudson,West,Home Office
DB-13060,Dave Brooks,West,Consumer
NP-18670,Nora Paige,Central,Consumer
TT-21070,Ted Trevino,West,Consumer
EM-13960,Eric Murdock,East,Consumer
RD-19900,Ruben Dartt,West,Consumer
MJ-17740,Max Jones,West,Consumer
BM-11140,Becky Martin,Central,Consumer
CS-12130,Chad Sievert,West,Consumer
JB-15400,Jennifer Braxton,Central,Corporate
SJ-20500,Shirley Jackson,Central,Consumer
JE-15745,Joel Eaton,East,Consumer
JK-15640,Jim Kriz,East,Home Office
DK-13150,David Kendrick,Central,Corporate
RM-19675,Robert Marley,South,Home Office
SK-19990,Sally Knutson,East,Consumer
FM-14290,Frank Merwin,West,Home Office
AM-10360,Alice McCarthy,Central,Corporate
MP-17470,Mark Packer,East,Home Office
MZ-17515,Mary Zewe,West,Corporate
CB-12025,Cassandra Brandow,East,Consumer
VM-21685,Valerie Mitchum,East,Home Office
FH-14365,Fred Hopkins,East,Corporate
MB-17305,Maria Bertelson,East,Consumer
BS-11755,Bruce Stewart,West,Consumer
LC-17140,Logan Currie,Central,Consumer
HK-14890,Heather Kirkland,South,Corporate
LE-16810,Laurel Elliston,West,Consumer
JH-15985,Joseph Holt,Central,Consumer
MS-17980,Michael Stewart,Central,Corporate
VW-21775,Victoria Wilson,East,Corporate
JH-15910,Jonathan Howell,West,Consumer
JB-15925,Joni Blumstein,East,Consumer
DS-13180,David Smith,Central,Corporate
VD-21670,Valerie Dominguez,South,Consumer
EA-14035,Erin Ashbrook,South,Corporate
CS-12400,Christopher Schild,South,Home Office
DB-13120,David Bremer,West,Corporate
KL-16645,Ken Lonsdale,Central,Consumer
DW-13480,Dianna Wilson,Central,Home Office
LH-17155,Logan Haushalter,West,Consumer
KC-16540,Kelly Collister,West,Consumer
DL-13315,Delfina Latchford,East,Consumer
DR-12880,Dan Reichenbach,Central,Corporate
CC-12670,Craig Carreira,East,Consumer
Dl-13600,Dorris liebe,Central,Corporate
SB-20290,Sean Braxton,Central,Corporate
RC-19825,Roy Collins,Central,Consumer
AH-10210,Alan Hwang,West,Consumer
CB-12535,Claudia Bergmann,South,Corporate
PG-18895,Paul Gonzalez,East,Consumer
CA-12310,Christine Abelman,East,Corporate
KH-16690,Kristen Hastings,West,Corporate
BB-10990,Barry Blumstein,West,Corporate
AG-10495,Andrew Gjertsen,East,Corporate
SC-20725,Steven Cartwright,Central,Consumer
JO-15280,Jas O'Carroll,West,Consumer
TB-21520,Tracy Blumstein,West,Consumer
AH-10195,Alan Haines,South,Corporate
NZ-18565,Nick Zandusky,East,Home Office
KL-16555,Kelly Lampkin,West,Corporate
JH-15910,Jonathan Howell,Central,Consumer
AS-10225,Alan Schoenberger,East,Corporate
CR-12625,Corey Roper,East,Home Office
SH-20395,Shahid Hopkins,South,Consumer
BP-11185,Ben Peterman,West,Corporate
TS-21205,Thomas Seio,East,Corporate
AG-10525,Andy Gerbode,South,Corporate
SP-20860,Sung Pak,East,Corporate
NM-18445,Nathan Mautz,East,Home Office
FA-14230,Frank Atkinson,West,Corporate
GK-14620,Grace Kelly,West,Corporate
DJ-13510,Don Jones,South,Corporate
PO-18850,Patrick O'Brill,East,Consumer
JL-15850,John Lucas,East,Consumer
DB-13615,Doug Bickford,West,Consumer
AC-10420,Alyssa Crouse,West,Corporate
KL-16645,Ken Lonsdale,West,Consumer
CS-12130,Chad Sievert,Central,Consumer
CC-12550,Clay Cheatham,West,Consumer
TD-20995,Tamara Dahlen,East,Consumer
AB-10060,Adam Bellavance,East,Home Office
JL-15505,Jeremy Lonsdale,East,Consumer
VB-21745,Victoria Brennan,South,Corporate
KW-16435,Katrina Willman,East,Consumer
JD-16060,Julia Dunbar,West,Consumer
MK-17905,Michael Kennedy,East,Corporate
GT-14755,Guy Thornton,Central,Consumer
AG-10900,Arthur Gainer,West,Consumer
MM-18280,Muhammed MacIntyre,Central,Corporate
AR-10405,Allen Rosenblatt,East,Corporate
RA-19915,Russell Applegate,Central,Consumer
AS-10285,Alejandro Savely,West,Corporate
LA-16780,Laura Armstrong,Central,Corporate
DO-13435,Denny Ordway,South,Consumer
DK-13225,Dean Katz,East,Corporate
NG-18430,Nathan Gelder,East,Consumer
MV-18190,Mike Vittorini,East,Consumer
JG-15115,Jack Garza,West,Consumer
BP-11095,Bart Pistole,Central,Corporate
VP-21730,Victor Preis,West,Home Office
SS-20140,Saphhira Shifley,East,Corporate
AG-10675,Anna Gayman,Central,Consumer
LF-17185,Luke Foster,South,Consumer
SP-20650,Stephanie Phelps,South,Corporate
RF-19840,Roy Französisch,East,Consumer
KH-16510,Keith Herrera,West,Consumer
KC-16675,Kimberly Carter,West,Corporate
CJ-12010,Caroline Jumper,West,Consumer
PB-19150,Philip Brown,West,Consumer
SP-20860,Sung Pak,West,Corporate
JE-15745,Joel Eaton,West,Consumer
MP-17965,Michael Paige,East,Corporate
NF-18385,Natalie Fritzler,South,Consumer
JM-15265,Janet Molinari,Central,Corporate
SD-20485,Shirley Daniels,East,Home Office
KH-16630,Ken Heidel,Central,Corporate
RB-19795,Ross Baird,South,Home Office
DB-13060,Dave Brooks,East,Consumer
MK-18160,Mike Kennedy,South,Consumer
PO-19180,Philisse Overcash,Central,Home Office
BB-11545,Brenda Bowman,Central,Corporate
TB-21595,Troy Blackwell,Central,Consumer
RB-19360,Raymond Buch,East,Consumer
EB-13705,Ed Braxton,East,Corporate
SC-20095,Sanjit Chand,West,Consumer
NF-18385,Natalie Fritzler,Central,Consumer
JH-15985,Joseph Holt,West,Consumer
TN-21040,Tanja Norvell,West,Home Office
JS-15940,Joni Sundaresam,Central,Home Office
CC-12670,Craig Carreira,Central,Consumer
MH-17785,Maya Herman,East,Corporate
JP-15520,Jeremy Pistek,West,Consumer
JE-15475,Jeremy Ellison,East,Consumer
JG-15805,John Grady,East,Corporate
XP-21865,Xylona Preis,West,Consumer
EM-14065,Erin Mull,East,Consumer
MT-18070,Michelle Tran,West,Home Office
SA-20830,Sue Ann Reed,Central,Consumer
CW-11905,Carl Weiss,Central,Home Office
AJ-10960,Astrea Jones,East,Consumer
SS-20590,Sonia Sunley,West,Consumer
RO-19780,Rose O'Brian,South,Consumer
MD-17350,Maribeth Dona,South,Consumer
MY-17380,Maribeth Yedwab,West,Corporate
CM-12385,Christopher Martinez,South,Consumer
LS-17245,Lynn Smith,Central,Consumer
LF-17185,Luke Foster,East,Consumer
BN-11515,Bradley Nguyen,West,Consumer
AD-10180,Alan Dominguez,West,Home Office
DB-13210,Dean Braden,Central,Consumer
MC-17605,Matt Connell,Central,Corporate
BD-11605,Brian Dahlen,East,Consumer
PH-18790,Patricia Hirasaki,South,Home Office
MG-18145,Mike Gockenbach,East,Consumer
KB-16240,Karen Bern,West,Corporate
JC-15340,Jasper Cacioppo,West,Consumer
RL-19615,Rob Lucas,South,Consumer
AA-10375,Allen Armold,West,Consumer
EP-13915,Emily Phan,Central,Consumer
DK-12985,Darren Koutras,South,Consumer
BD-11500,Bradley Drucker,Central,Consumer
ES-14080,Erin Smith,West,Corporate
LM-17065,Liz MacKendrick,East,Consumer
AS-10135,Adrian Shami,East,Home Office
DK-13225,Dean Katz,Central,Corporate
BD-11320,Bill Donatelli,West,Consumer
RC-19960,Ryan Crowe,South,Consumer
GT-14710,Greg Tran,Central,Consumer
DK-13225,Dean Katz,West,Corporate
AJ-10945,Ashley Jarboe,South,Consumer
OT-18730,Olvera Toch,West,Consumer
LP-17080,Liz Pelletier,West,Consumer
CA-12775,Cynthia Arntzen,South,Consumer
JF-15490,Jeremy Farry,West,Consumer
FP-14320,Frank Preis,West,Consumer
EB-13840,Ellis Ballard,West,Corporate
JF-15415,Jennifer Ferguson,East,Consumer
SF-20200,Sarah Foster,West,Consumer
TG-21640,Trudy Glocke,West,Consumer
CS-11950,Carlos Soltero,Central,Consumer
CC-12145,Charles Crestani,West,Consumer
DV-13465,Dianna Vittorini,West,Consumer
BD-11725,Bruce Degenhardt,South,Consumer
ZC-21910,Zuschuss Carroll,West,Consumer
MS-17830,Melanie Seite,Central,Consumer
LR-16915,Lena Radford,West,Consumer
TP-21130,Theone Pippenger,East,Consumer
CK-12205,Chloris Kastensmidt,East,Consumer
AS-10240,Alan Shonely,South,Consumer
AR-10510,Andrew Roberts,East,Consumer
NB-18655,Nona Balk,Central,Corporate
GD-14590,Giulietta Dortch,East,Corporate
CK-12595,Clytie Kelty,East,Consumer
NG-18355,Nat Gilpin,East,Corporate
CA-12265,Christina Anderson,Central,Consumer
SF-20965,Sylvia Foulston,Central,Corporate
MO-17800,Meg O'Connel,East,Home Office
AT-10735,Annie Thurman,West,Consumer
LC-17140,Logan Currie,West,Consumer
FM-14380,Fred McMath,West,Consumer
BD-11605,Brian Dahlen,South,Consumer
DJ-13420,Denny Joy,South,Corporate
ME-17725,Max Engle,West,Consumer
RB-19465,Rick Bensley,West,Home Office
JD-16150,Justin Deggeller,Central,Corporate
JL-15835,John Lee,West,Consumer
SC-20305,Sean Christensen,Central,Consumer
TW-21025,Tamara Willingham,East,Home Office
CC-12430,Chuck Clark,Central,Home Office
AR-10825,Anthony Rawles,West,Corporate
SR-20740,Steven Roelle,East,Home Office
CR-12730,Craig Reiter,East,Consumer
EH-14125,Eugene Hildebrand,Central,Home Office
CB-12025,Cassandra Brandow,Central,Consumer
SP-20545,Sibella Parks,East,Corporate
RC-19825,Roy Collins,South,Consumer
TH-21235,Tiffany House,Central,Corporate
RP-19390,Resi Pölking,East,Consumer
MO-17800,Meg O'Connel,Central,Home Office
TD-20995,Tamara Dahlen,Central,Consumer
RB-19570,Rob Beeghly,Central,Consumer
CD-11980,Carol Darley,Central,Consumer
DJ-13630,Doug Jacobs,East,Consumer
GT-14635,Grant Thornton,South,Corporate
MC-17845,Michael Chen,South,Consumer
RA-19285,Ralph Arnett,East,Consumer
NP-18325,Naresj Patel,South,Consumer
AB-10165,Alan Barnes,West,Consumer
JO-15550,Jesus Ocampo,East,Home Office
Dl-13600,Dorris liebe,East,Corporate
JK-15370,Jay Kimmel,West,Consumer
BN-11470,Brad Norvell,South,Corporate
DP-13165,David Philippe,East,Consumer
TH-21550,Tracy Hopkins,East,Home Office
AP-10915,Arthur Prichep,South,Consumer
RS-19765,Roland Schwarz,East,Corporate
Dl-13600,Dorris liebe,West,Corporate
SV-20365,Seth Vernon,East,Consumer
KC-16540,Kelly Collister,East,Consumer
CK-12325,Christine Kargatis,West,Home Office
RD-19810,Ross DeVincentis,West,Home Office
MP-17965,Michael Paige,Central,Corporate
MR-17545,Mathew Reese,East,Home Office
SC-20695,Steve Chapman,South,Corporate
JF-15355,Jay Fein,Central,Consumer
EG-13900,Emily Grady,East,Consumer
DS-13030,Darrin Sayre,West,Home Office
GZ-14470,Gary Zandusky,West,Consumer
PO-19195,Phillina Ober,Central,Home Office
SS-20875,Sung Shariari,Central,Consumer
MH-17785,Maya Herman,West,Corporate
PB-19105,Peter Bühler,Central,Consumer
RF-19735,Roland Fjeld,Central,Consumer
YC-21895,Yoseph Carroll,West,Corporate
MS-17830,Melanie Seite,West,Consumer
NB-18655,Nona Balk,South,Corporate
DC-13285,Debra Catini,Central,Consumer
CP-12340,Christine Phan,East,Corporate
BF-11020,Barry Französisch,Central,Corporate
AR-10510,Andrew Roberts,West,Consumer
LH-17020,Lisa Hazard,East,Consumer
CS-12250,Chris Selesnick,South,Corporate
AJ-10795,Anthony Johnson,South,Corporate
LE-16810,Laurel Elliston,South,Consumer
BV-11245,Benjamin Venier,Central,Corporate
DL-12865,Dan Lawera,East,Consumer
NZ-18565,Nick Zandusky,West,Home Office
BM-11785,Bryan Mills,East,Consumer
CL-12565,Clay Ludtke,West,Consumer
LT-17110,Liz Thompson,West,Consumer
SA-20830,Sue Ann Reed,South,Consumer
JK-15730,Joe Kamberova,South,Consumer
ES-14020,Erica Smith,West,Consumer
RH-19495,Rick Hansen,Central,Consumer
DB-13120,David Bremer,East,Corporate
CD-11920,Carlos Daly,West,Consumer
HW-14935,Helen Wasserman,West,Corporate
HW-14935,Helen Wasserman,East,Corporate
MC-18130,Mike Caudle,South,Corporate
GM-14440,Gary McGarr,West,Consumer
RA-19915,Russell Applegate,West,Consumer
AA-10375,Allen Armold,Central,Consumer
PJ-19015,Pauline Johnson,West,Consumer
BW-11110,Bart Watters,Central,Corporate
DB-13210,Dean Braden,East,Consumer
CA-12775,Cynthia Arntzen,East,Consumer
TR-21325,Toby Ritter,East,Consumer
PG-18820,Patrick Gardner,West,Consumer
JB-15400,Jennifer Braxton,South,Corporate
LH-17020,Lisa Hazard,Central,Consumer
JL-15175,James Lanier,South,Home Office
EB-13705,Ed Braxton,Central,Corporate
BM-11650,Brian Moss,East,Corporate
EM-14095,Eudokia Martin,West,Corporate
AF-10885,Art Foster,South,Consumer
GA-14725,Guy Armstrong,East,Consumer
CK-12760,Cyma Kinney,East,Corporate
DP-13105,Dave Poirier,West,Corporate
GT-14710,Greg Tran,East,Consumer
BK-11260,Berenike Kampe,East,Consumer
SJ-20125,Sanjit Jacobs,East,Home Office
CM-12445,Chuck Magee,West,Consumer
AJ-10780,Anthony Jacobs,South,Corporate
LS-16945,Linda Southworth,East,Corporate
GP-14740,Guy Phonely,East,Corporate
PK-18910,Paul Knutson,East,Home Office
SM-20005,Sally Matthias,East,Consumer
GA-14725,Guy Armstrong,South,Consumer
CC-12430,Chuck Clark,East,Home Office
AG-10765,Anthony Garverick,East,Home Office
HP-14815,Harold Pawlan,East,Home Office
DK-13090,Dave Kipp,South,Consumer
PM-19135,Peter McVee,Central,Home Office
LL-16840,Lauren Leatherbury,East,Consumer
JS-15595,Jill Stevenson,West,Corporate
EL-13735,Ed Ludwig,East,Home Office
CK-12760,Cyma Kinney,West,Corporate
TH-21550,Tracy Hopkins,Central,Home Office
PC-18745,Pamela Coakley,West,Corporate
HL-15040,Hunter Lopez,Central,Consumer
MS-17365,Maribeth Schnelling,Central,Consumer
GB-14530,George Bell,East,Corporate
JR-16210,Justin Ritter,East,Corporate
DB-13060,Dave Brooks,Central,Consumer
PO-18865,Patrick O'Donnell,East,Consumer
BE-11335,Bill Eplett,Central,Home Office
SC-20050,Sample Company A,East,Home Office
BM-11650,Brian Moss,Central,Corporate
KL-16555,Kelly Lampkin,Central,Corporate
RW-19630,Rob Williams,Central,Corporate
SE-20110,Sanjit Engle,East,Consumer
AH-10075,Adam Hart,East,Corporate
JM-15535,Jessica Myrick,East,Consumer
JJ-15760,Joel Jenkins,South,Home Office
AB-10165,Alan Barnes,East,Consumer
RK-19300,Ralph Kennedy,East,Consumer
CG-12040,Catherine Glotzbach,East,Home Office
RP-19270,Rachel Payne,West,Corporate
KC-16255,Karen Carlisle,West,Corporate
RW-19630,Rob Williams,West,Corporate
JL-15850,John Lucas,West,Consumer
CA-12775,Cynthia Arntzen,West,Consumer
RB-19795,Ross Baird,East,Home Office
KH-16360,Katherine Hughes,East,Consumer
GH-14665,Greg Hansen,Central,Consumer
SW-20275,Scott Williamson,South,Consumer
JA-15970,Joseph Airdo,West,Consumer
DL-12925,Daniel Lacy,West,Consumer
LW-16990,Lindsay Williams,West,Corporate
TB-21190,Thomas Brumley,South,Home Office
CV-12805,Cynthia Voltz,West,Corporate
MS-17365,Maribeth Schnelling,South,Consumer
BS-11800,Bryan Spruell,East,Home Office
PO-19195,Phillina Ober,East,Home Office
TD-20995,Tamara Dahlen,West,Consumer
RW-19690,Robert Waldorf,South,Consumer
EB-13870,Emily Burns,East,Consumer
TZ-21580,Tracy Zic,West,Consumer
AS-10630,Ann Steele,Central,Home Office
TS-21340,Toby Swindell,Central,Consumer
SL-20155,Sara Luxemburg,South,Home Office
TS-21610,Troy Staebel,East,Consumer
RF-19735,Roland Fjeld,West,Consumer
MW-18235,Mitch Willingham,South,Corporate
RD-19585,Rob Dowd,South,Consumer
RH-19495,Rick Hansen,East,Consumer
RA-19945,Ryan Akin,West,Consumer
MT-17815,Meg Tillman,West,Consumer
PO-18850,Patrick O'Brill,Central,Consumer
AT-10735,Annie Thurman,Central,Consumer
VG-21790,Vivek Gonzalez,West,Consumer
PF-19165,Philip Fox,West,Consumer
JS-15880,John Stevenson,West,Consumer
MO-17800,Meg O'Connel,West,Home Office
KM-16225,Kalyca Meade,East,Corporate
PB-19150,Philip Brown,East,Consumer
HR-14770,Hallie Redmond,West,Home Office
DE-13255,Deanra Eno,East,Home Office
LA-16780,Laura Armstrong,East,Corporate
AG-10390,Allen Goldenen,East,Consumer
EL-13735,Ed Ludwig,Central,Home Office
JJ-15445,Jennifer Jackson,West,Consumer
JH-15430,Jennifer Halladay,South,Consumer
RD-19660,Robert Dilbeck,Central,Home Office
MO-17500,Mary O'Rourke,East,Consumer
NS-18640,Noel Staavos,Central,Corporate
ZC-21910,Zuschuss Carroll,South,Consumer
DG-13300,Deirdre Greer,East,Corporate
NF-18595,Nicole Fjeld,East,Home Office
MG-17650,Matthew Grinstein,East,Home Office
JD-16060,Julia Dunbar,Central,Consumer
TS-21160,Theresa Swint,East,Corporate
BD-11620,Brian DeCherney,West,Consumer
CM-12160,Charles McCrossin,Central,Consumer
SN-20560,Skye Norling,West,Home Office
EH-14005,Erica Hernandez,West,Home Office
FO-14305,Frank Olsen,East,Consumer
MS-17710,Maurice Satty,West,Consumer
CC-12100,Chad Cunningham,Central,Home Office
DW-13540,Don Weiss,West,Consumer
BT-11395,Bill Tyler,Central,Corporate
KD-16270,Karen Daniels,East,Consumer
LC-16870,Lena Cacioppo,Central,Consumer
CY-12745,Craig Yedwab,West,Corporate
LW-16990,Lindsay Williams,South,Corporate
NP-18325,Naresj Patel,West,Consumer
BT-11485,Brad Thomas,East,Home Office
PS-19045,Penelope Sewall,South,Home Office
NS-18640,Noel Staavos,West,Corporate
PV-18985,Paul Van Hugh,West,Home Office
RP-19390,Resi Pölking,Central,Consumer
NM-18520,Neoma Murray,West,Consumer
EH-13945,Eric Hoffmann,Central,Consumer
DL-13495,Dionis Lloyd,West,Corporate
CS-12355,Christine Sundaresam,South,Consumer
HL-15040,Hunter Lopez,South,Consumer
GG-14650,Greg Guthrie,West,Corporate
JS-15940,Joni Sundaresam,East,Home Office
LR-16915,Lena Radford,South,Consumer
FH-14275,Frank Hawley,Central,Corporate
AP-10915,Arthur Prichep,West,Consumer
NC-18340,Nat Carroll,Central,Consumer
CB-12535,Claudia Bergmann,East,Corporate
GB-14530,George Bell,West,Corporate
AA-10315,Alex Avila,Central,Consumer
LT-16765,Larry Tron,West,Consumer
AP-10720,Anne Pryor,East,Home Office
PM-18940,Paul MacIntyre,Central,Consumer
SW-20275,Scott Williamson,Central,Consumer
LT-17110,Liz Thompson,Central,Consumer
DP-13105,Dave Poirier,East,Corporate
AT-10435,Alyssa Tate,West,Home Office
CA-12055,Cathy Armstrong,Central,Home Office
RB-19570,Rob Beeghly,South,Consumer
HR-14830,Harold Ryan,West,Corporate
BT-11530,Bradley Talbott,West,Home Office
NG-18355,Nat Gilpin,South,Corporate
ZC-21910,Zuschuss Carroll,Central,Consumer
LS-16945,Linda Southworth,West,Corporate
LH-16750,Larry Hughes,South,Consumer
SW-20755,Steven Ward,East,Corporate
SP-20620,Stefania Perrino,East,Corporate
BF-11170,Ben Ferrer,West,Home Office
BM-11140,Becky Martin,East,Consumer
KT-16480,Kean Thornton,East,Consumer
BG-11695,Brooke Gillingham,East,Corporate
PG-18820,Patrick Gardner,South,Consumer
GM-14680,Greg Matthias,West,Consumer
PG-18820,Patrick Gardner,East,Consumer
EJ-14155,Eva Jacobs,South,Consumer
NP-18700,Nora Preis,West,Consumer
IM-15070,Irene Maddox,Central,Consumer
MH-18115,Mick Hernandez,East,Home Office
JR-15700,Jocasta Rupert,South,Consumer
SM-20950,Suzanne McNair,South,Corporate
CS-12355,Christine Sundaresam,East,Consumer
CC-12220,Chris Cortes,Central,Consumer
PF-19225,Phillip Flathmann,West,Consumer
JC-16105,Julie Creighton,West,Corporate
BG-11695,Brooke Gillingham,West,Corporate
DC-12850,Dan Campbell,South,Consumer
SP-20545,Sibella Parks,Central,Corporate
MS-17710,Maurice Satty,Central,Consumer
BD-11770,Bryan Davis,Central,Consumer
KC-16255,Karen Carlisle,South,Corporate
TR-21325,Toby Ritter,Central,Consumer
KW-16435,Katrina Willman,Central,Consumer
GM-14500,Gene McClure,East,Consumer
AD-10180,Alan Dominguez,East,Home Office
TB-21355,Todd Boyes,East,Corporate
CC-12430,Chuck Clark,West,Home Office
JH-16180,Justin Hirsh,West,Consumer
EB-13975,Erica Bern,West,Corporate
QJ-19255,Quincy Jones,Central,Corporate
AA-10315,Alex Avila,West,Consumer
LC-17140,Logan Currie,South,Consumer
TC-21535,Tracy Collins,South,Home Office
CS-12460,Chuck Sachs,South,Consumer
BM-11785,Bryan Mills,Central,Consumer
RC-19825,Roy Collins,West,Consumer
FM-14380,Fred McMath,East,Consumer
PK-19075,Pete Kriz,East,Consumer
HG-14965,Henry Goldwyn,West,Corporate
HA-14920,Helen Andreada,East,Consumer
LW-16825,Laurel Workman,South,Corporate
MC-17575,Matt Collins,East,Consumer
LP-17095,Liz Preis,South,Consumer
EB-14170,Evan Bailliet,South,Consumer
GZ-14545,George Zrebassa,East,Corporate
LE-16810,Laurel Elliston,Central,Consumer
CP-12085,Cathy Prescott,East,Corporate
FG-14260,Frank Gastineau,West,Home Office
LD-17005,Lisa DeCherney,West,Consumer
AB-10255,Alejandro Ballentine,East,Home Office
MN-17935,Michael Nguyen,Central,Consumer
HP-14815,Harold Pawlan,West,Home Office
JR-15670,Jim Radford,East,Consumer
JF-15190,Jamie Frazer,West,Consumer
CM-12115,Chad McGuire,East,Consumer
AS-10045,Aaron Smayling,South,Corporate
KB-16315,Karl Braun,East,Consumer
BN-11515,Bradley Nguyen,Central,Consumer
BP-11290,Beth Paige,Central,Consumer
DC-12850,Dan Campbell,Central,Consumer
ND-18370,Natalie DeCherney,South,Consumer
LB-16735,Larry Blacks,Central,Consumer
KT-16465,Kean Takahito,West,Consumer
HM-14860,Harry Marie,East,Corporate
AB-10600,Ann Blume,West,Corporate
SZ-20035,Sam Zeldin,West,Home Office
JR-15670,Jim Radford,West,Consumer
MG-17890,Michael Granlund,East,Home Office
CA-12265,Christina Anderson,West,Consumer
VD-21670,Valerie Dominguez,West,Consumer
JK-16120,Julie Kriz,Central,Home Office
PP-18955,Paul Prost,South,Home Office
YS-21880,Yana Sorensen,South,Corporate
CK-12760,Cyma Kinney,Central,Corporate
NC-18340,Nat Carroll,East,Consumer
KM-16375,Katherine Murray,South,Home Office
GM-14455,Gary Mitchum,East,Home Office
AB-10105,Adrian Barton,West,Consumer
SZ-20035,Sam Zeldin,Central,Home Office
HA-14905,Helen Abelman,East,Consumer
BT-11305,Beth Thompson,West,Home Office
SV-20815,Stuart Van,Central,Corporate
RW-19540,Rick Wilson,West,Corporate
DK-12835,Damala Kotsonis,West,Corporate
LT-17110,Liz Thompson,East,Consumer
IM-15070,Irene Maddox,South,Consumer
ST-20530,Shui Tom,East,Consumer
BD-11320,Bill Donatelli,East,Consumer
MM-17920,Michael Moore,West,Consumer
PW-19030,Pauline Webber,South,Corporate
SC-20440,Shaun Chance,West,Corporate
SD-20485,Shirley Daniels,Central,Home Office
JB-15400,Jennifer Braxton,West,Corporate
TS-21085,Thais Sissman,West,Consumer
MC-17425,Mark Cousins,South,Corporate
ME-17320,Maria Etezadi,South,Home Office
SC-20440,Shaun Chance,East,Corporate
NH-18610,Nicole Hansen,Central,Corporate
AA-10480,Andrew Allen,East,Consumer
MB-18085,Mick Brown,East,Consumer
KD-16495,Keith Dawkins,East,Corporate
MB-17305,Maria Bertelson,West,Consumer
TH-21550,Tracy Hopkins,South,Home Office
DK-12835,Damala Kotsonis,Central,Corporate
ON-18715,Odella Nelson,East,Corporate
KN-16390,Katherine Nockton,West,Corporate
NM-18520,Neoma Murray,Central,Consumer
NP-18685,Nora Pelletier,East,Home Office
CS-12505,Cindy Stewart,South,Consumer
MK-18160,Mike Kennedy,West,Consumer
DW-13540,Don Weiss,South,Consumer
CP-12340,Christine Phan,West,Corporate
MS-17770,Maxwell Schwartz,East,Consumer
CM-12655,Corinna Mitchell,West,Home Office
Co-12640,Corey-Lock,East,Consumer
DL-13495,Dionis Lloyd,East,Corporate
TS-21370,Todd Sumrall,East,Corporate
JW-15220,Jane Waco,West,Corporate
RF-19840,Roy Französisch,South,Consumer
JD-15790,John Dryer,Central,Consumer
NG-18430,Nathan Gelder,Central,Consumer
PC-19000,Pauline Chand,West,Home Office
AR-10540,Andy Reiter,East,Consumer
LS-16975,Lindsay Shagiari,Central,Home Office
JM-15535,Jessica Myrick,West,Consumer
NH-18610,Nicole Hansen,West,Corporate
AI-10855,Arianne Irving,East,Consumer
MC-17845,Michael Chen,West,Consumer
TB-21400,Tom Boeckenhauer,West,Consumer
VW-21775,Victoria Wilson,West,Corporate
PL-18925,Paul Lucas,Central,Home Office
GH-14425,Gary Hwang,West,Consumer
CJ-12010,Caroline Jumper,East,Consumer
MC-18130,Mike Caudle,East,Corporate
BV-11245,Benjamin Venier,South,Corporate
EB-13840,Ellis Ballard,East,Corporate
MP-18175,Mike Pelletier,West,Home Office
JM-15655,Jim Mitchum,East,Corporate
CL-11890,Carl Ludwig,East,Consumer
DB-13270,Deborah Brumfield,West,Home Office
PC-18745,Pamela Coakley,East,Corporate
VB-21745,Victoria Brennan,Central,Corporate
EP-13915,Emily Phan,East,Consumer
ME-17320,Maria Etezadi,Central,Home Office
IG-15085,Ivan Gibson,West,Consumer
BO-11425,Bobby Odegard,South,Consumer
AB-10150,Aimee Bixby,East,Consumer
JW-16075,Julia West,East,Consumer
JE-15475,Jeremy Ellison,West,Consumer
EB-13750,Edward Becker,West,Corporate
PK-18910,Paul Knutson,West,Home Office
CS-12400,Christopher Schild,West,Home Office
SG-20470,Sheri Gordon,East,Consumer
CM-12190,Charlotte Melton,East,Consumer
CL-12565,Clay Ludtke,South,Consumer
JO-15550,Jesus Ocampo,West,Home Office
AW-10840,Anthony Witt,Central,Consumer
AH-10075,Adam Hart,South,Corporate
MC-18100,Mick Crebagga,Central,Consumer
TT-21460,Tonja Turnell,Central,Home Office
AP-10720,Anne Pryor,South,Home Office
NP-18325,Naresj Patel,East,Consumer
VG-21805,Vivek Grady,South,Corporate
MY-18295,Muhammed Yedwab,Central,Corporate
RD-19480,Rick Duston,West,Consumer
DP-13390,Dennis Pardue,Central,Home Office
MD-17350,Maribeth Dona,East,Consumer
MY-17380,Maribeth Yedwab,East,Corporate
AB-10150,Aimee Bixby,Central,Consumer
ME-17725,Max Engle,East,Consumer
ML-17395,Marina Lichtenstein,West,Corporate
YS-21880,Yana Sorensen,West,Corporate
PL-18925,Paul Lucas,East,Home Office
JC-15385,Jenna Caffey,West,Consumer
JG-15160,James Galang,West,Consumer
PO-19180,Philisse Overcash,East,Home Office
MC-17275,Marc Crier,South,Consumer
AS-10240,Alan Shonely,East,Consumer
CL-12565,Clay Ludtke,East,Consumer
NW-18400,Natalie Webber,West,Consumer
TB-21280,Toby Braunhardt,East,Consumer
BS-11380,Bill Stewart,Central,Corporate
FH-14365,Fred Hopkins,West,Corporate
SF-20200,Sarah Foster,East,Consumer
HH-15010,Hilary Holden,West,Corporate
CD-12280,Christina DeMoss,West,Consumer
TH-21100,Thea Hendricks,West,Consumer
MM-18055,Michelle Moray,West,Consumer
QJ-19255,Quincy Jones,East,Corporate
NS-18505,Neola Schneider,Central,Consumer
MM-17920,Michael Moore,East,Consumer
RD-19480,Rick Duston,Central,Consumer
RB-19645,Robert Barroso,West,Corporate
RD-19585,Rob Dowd,Central,Consumer
SW-20455,Shaun Weien,South,Consumer
EB-13930,Eric Barreto,West,Consumer
SB-20290,Sean Braxton,East,Corporate
PS-18760,Pamela Stobb,West,Consumer
CB-12535,Claudia Bergmann,West,Corporate
DK-12835,Damala Kotsonis,East,Corporate
AW-10840,Anthony Witt,East,Consumer
HF-14995,Herbert Flentye,Central,Consumer
HZ-14950,Henia Zydlo,East,Consumer
AB-10255,Alejandro Ballentine,Central,Home Office
SC-20725,Steven Cartwright,West,Consumer
ND-18370,Natalie DeCherney,East,Consumer
CD-12790,Cynthia Delaney,West,Home Office
IM-15070,Irene Maddox,East,Consumer
JK-15205,Jamie Kunitz,West,Consumer
JP-15520,Jeremy Pistek,Central,Consumer
MM-18055,Michelle Moray,Central,Consumer
DC-13285,Debra Catini,West,Consumer
JL-15835,John Lee,East,Consumer
BN-11515,Bradley Nguyen,East,Consumer
KD-16345,Katherine Ducich,Central,Consumer
JK-15370,Jay Kimmel,East,Consumer
FM-14215,Filia McAdams,East,Corporate
CA-12265,Christina Anderson,South,Consumer
KD-16495,Keith Dawkins,South,Corporate
LH-17155,Logan Haushalter,Central,Consumer
AG-10675,Anna Gayman,South,Consumer
ED-13885,Emily Ducich,West,Home Office
MC-18100,Mick Crebagga,East,Consumer
EM-14065,Erin Mull,South,Consumer
DA-13450,Dianna Arnett,Central,Home Office
JW-15955,Joni Wasserman,West,Consumer
SL-20155,Sara Luxemburg,Central,Home Office
RM-19375,Raymond Messe,Central,Consumer
ML-17755,Max Ludwig,South,Home Office
CC-12685,Craig Carroll,South,Consumer
SC-20770,Stewart Carmichael,Central,Corporate
GG-14650,Greg Guthrie,Central,Corporate
MY-18295,Muhammed Yedwab,East,Corporate
DP-13000,Darren Powers,West,Consumer
BD-11770,Bryan Davis,East,Consumer
JE-15610,Jim Epp,Central,Corporate
RP-19855,Roy Phan,Central,Corporate
RA-19915,Russell Applegate,East,Consumer
TB-21175,Thomas Boland,Central,Corporate
BE-11455,Brad Eason,Central,Home Office
RM-19375,Raymond Messe,West,Consumer
JF-15565,Jill Fjeld,Central,Consumer
AS-10135,Adrian Shami,West,Home Office
JA-15970,Joseph Airdo,East,Consumer
PB-19210,Phillip Breyer,Central,Corporate
HK-14890,Heather Kirkland,Central,Corporate
FO-14305,Frank Olsen,South,Consumer
BT-11680,Brian Thompson,East,Consumer
SP-20620,Stefania Perrino,West,Corporate
LL-16840,Lauren Leatherbury,West,Consumer
MC-17575,Matt Collins,West,Consumer
JL-15235,Janet Lee,Central,Consumer
EA-14035,Erin Ashbrook,Central,Corporate
SA-20830,Sue Ann Reed,West,Consumer
CH-12070,Cathy Hwang,South,Home Office
ND-18460,Neil Ducich,South,Corporate
BS-11755,Bruce Stewart,East,Consumer
GB-14530,George Bell,South,Corporate
AS-10045,Aaron Smayling,Central,Corporate
RM-19375,Raymond Messe,East,Consumer
NH-18610,Nicole Hansen,South,Corporate
BF-10975,Barbara Fisher,South,Corporate
KH-16330,Katharine Harms,South,Corporate
FA-14230,Frank Atkinson,Central,Corporate
GW-14605,Giulietta Weimer,West,Consumer
DA-13450,Dianna Arnett,East,Home Office
FH-14275,Frank Hawley,West,Corporate
RK-19300,Ralph Kennedy,Central,Consumer
FM-14215,Filia McAdams,West,Corporate
AC-10420,Alyssa Crouse,Central,Corporate
JB-15400,Jennifer Braxton,East,Corporate
GM-14440,Gary McGarr,East,Consumer
RF-19840,Roy Französisch,Central,Consumer
NC-18625,Noah Childs,West,Corporate
AH-10075,Adam Hart,West,Corporate
CH-12070,Cathy Hwang,East,Home Office
ME-18010,Michelle Ellison,West,Corporate
BP-11230,Benjamin Patterson,West,Consumer
JC-15775,John Castell,Central,Consumer
CK-12760,Cyma Kinney,South,Corporate
DL-12865,Dan Lawera,Central,Consumer
PG-18895,Paul Gonzalez,West,Consumer
EH-14005,Erica Hernandez,South,Home Office
JP-15520,Jeremy Pistek,South,Consumer
CD-11980,Carol Darley,West,Consumer
AS-10090,Adam Shillingsburg,South,Consumer
AC-10450,Amy Cox,Central,Consumer
RA-19945,Ryan Akin,South,Consumer
Co-12640,Corey-Lock,South,Consumer
MD-17860,Michael Dominguez,Central,Corporate
RP-19855,Roy Phan,South,Corporate
DB-13660,Duane Benoit,East,Consumer
SC-20770,Stewart Carmichael,West,Corporate
EH-13990,Erica Hackney,South,Consumer
AS-10630,Ann Steele,South,Home Office
CH-12070,Cathy Hwang,Central,Home Office
EH-13765,Edward Hooks,East,Corporate
MZ-17515,Mary Zewe,East,Corporate
SC-20230,Scot Coram,Central,Corporate
RH-19495,Rick Hansen,West,Consumer
VM-21685,Valerie Mitchum,West,Home Office
CC-12670,Craig Carreira,West,Consumer
SV-20365,Seth Vernon,South,Consumer
NP-18685,Nora Pelletier,West,Home Office
JE-15715,Joe Elijah,West,Consumer
CP-12085,Cathy Prescott,Central,Corporate
AC-10615,Ann Chong,East,Corporate
RW-19690,Robert Waldorf,Central,Consumer
BD-11320,Bill Donatelli,Central,Consumer
ML-17755,Max Ludwig,Central,Home Office
JD-16015,Joy Daniels,Central,Consumer
AS-10225,Alan Schoenberger,South,Corporate
MM-18280,Muhammed MacIntyre,South,Corporate
LW-16825,Laurel Workman,West,Corporate
CB-12415,Christy Brittain,East,Consumer
AS-10090,Adam Shillingsburg,Central,Consumer
ML-17755,Max Ludwig,West,Home Office
JS-16030,Joy Smith,Central,Consumer
LW-17215,Luke Weiss,West,Consumer
JW-15955,Joni Wasserman,South,Consumer
SC-20050,Sample Company A,Central,Home Office
CM-12190,Charlotte Melton,Central,Consumer
JF-15190,Jamie Frazer,South,Consumer
SC-20800,Stuart Calhoun,Central,Consumer
AM-10705,Anne McFarland,South,Consumer
BK-11260,Berenike Kampe,West,Consumer
RH-19510,Rick Huthwaite,East,Home Office
GM-14500,Gene McClure,West,Consumer
MC-17275,Marc Crier,West,Consumer
GB-14530,George Bell,Central,Corporate
CT-11995,Carol Triggs,Central,Consumer
CW-11905,Carl Weiss,West,Home Office
EB-13705,Ed Braxton,West,Corporate
JW-15220,Jane Waco,East,Corporate
MC-17590,Matt Collister,East,Corporate
TP-21130,Theone Pippenger,Central,Consumer
CC-12610,Corey Catlett,East,Corporate
KA-16525,Kelly Andreada,West,Consumer
TC-20980,Tamara Chand,West,Corporate
TR-21325,Toby Ritter,West,Consumer
BF-11080,Bart Folk,East,Consumer
MS-17365,Maribeth Schnelling,West,Consumer
CK-12595,Clytie Kelty,West,Consumer
ED-13885,Emily Ducich,Central,Home Office
MM-17260,Magdelene Morse,East,Consumer
MP-17470,Mark Packer,Central,Home Office
AW-10840,Anthony Witt,West,Consumer
SF-20065,Sandra Flanagan,South,Consumer
SN-20710,Steve Nguyen,South,Home Office
KT-16480,Kean Thornton,West,Consumer
AH-10120,Adrian Hane,West,Home Office
BW-11200,Ben Wallace,South,Consumer
HG-14965,Henry Goldwyn,Central,Corporate
SG-20080,Sandra Glassco,West,Consumer
SW-20245,Scot Wooten,West,Consumer
TS-21085,Thais Sissman,South,Consumer
EH-14005,Erica Hernandez,Central,Home Office
EH-14005,Erica Hernandez,East,Home Office
BS-11665,Brian Stugart,East,Consumer
JK-16120,Julie Kriz,East,Home Office
RF-19345,Randy Ferguson,East,Corporate
WB-21850,William Brown,East,Consumer
TB-21625,Trudy Brown,Central,Consumer
GT-14635,Grant Thornton,East,Corporate
WB-21850,William Brown,West,Consumer
DO-13435,Denny Ordway,East,Consumer
AF-10870,Art Ferguson,Central,Consumer
RB-19435,Richard Bierner,Central,Consumer
DR-12880,Dan Reichenbach,East,Corporate
BF-11170,Ben Ferrer,Central,Home Office
LB-16735,Larry Blacks,West,Consumer
DV-13465,Dianna Vittorini,Central,Consumer
NK-18490,Neil Knudson,South,Home Office
LH-17155,Logan Haushalter,East,Consumer
DW-13480,Dianna Wilson,West,Home Office
KF-16285,Karen Ferguson,West,Home Office
HA-14920,Helen Andreada,Central,Consumer
JH-15820,John Huston,East,Consumer
IL-15100,Ivan Liston,West,Consumer
CC-12610,Corey Catlett,Central,Corporate
PB-18805,Patrick Bzostek,West,Home Office
HK-14890,Heather Kirkland,West,Corporate
RH-19600,Rob Haberlin,South,Consumer
IL-15100,Ivan Liston,Central,Consumer
AS-10240,Alan Shonely,West,Consumer
AG-10390,Allen Goldenen,South,Consumer
BF-11080,Bart Folk,South,Consumer
LT-17110,Liz Thompson,South,Consumer
CG-12040,Catherine Glotzbach,South,Home Office
AW-10930,Arthur Wiediger,Central,Home Office
RB-19705,Roger Barcio,East,Home Office
ML-17410,Maris LaWare,East,Consumer
SW-20275,Scott Williamson,East,Consumer
NS-18505,Neola Schneider,West,Consumer
DB-13555,Dorothy Badders,South,Corporate
MH-17620,Matt Hagelstein,West,Corporate
DK-13375,Dennis Kane,East,Consumer
EA-14035,Erin Ashbrook,East,Corporate
BT-11440,Bobby Trafton,West,Consumer
GM-14680,Greg Matthias,East,Consumer
DB-13405,Denny Blanton,Central,Consumer
JH-15820,John Huston,Central,Consumer
DJ-13630,Doug Jacobs,West,Consumer
RH-19510,Rick Huthwaite,West,Home Office
SJ-20125,Sanjit Jacobs,Central,Home Office
TG-21310,Toby Gnade,West,Consumer
CT-11995,Carol Triggs,East,Consumer
BF-11005,Barry Franz,West,Home Office
JM-16195,Justin MacKendrick,West,Consumer
JK-16120,Julie Kriz,West,Home Office
MZ-17335,Maria Zettner,West,Home Office
MW-18220,Mitch Webber,East,Consumer
MV-17485,Mark Van Huff,South,Consumer
AA-10375,Allen Armold,South,Consumer
SM-20320,Sean Miller,South,Home Office
TP-21415,Tom Prescott,West,Consumer
MK-17905,Michael Kennedy,South,Corporate
AR-10405,Allen Rosenblatt,West,Corporate
LM-17065,Liz MacKendrick,South,Consumer
JK-15625,Jim Karlsson,West,Consumer
SF-20200,Sarah Foster,Central,Consumer
PJ-18835,Patrick Jones,South,Corporate
BB-10990,Barry Blumstein,East,Corporate
BW-11200,Ben Wallace,West,Consumer
RS-19420,Ricardo Sperren,West,Corporate
TS-21160,Theresa Swint,South,Corporate
VD-21670,Valerie Dominguez,East,Consumer
JL-15505,Jeremy Lonsdale,Central,Consumer
DL-13495,Dionis Lloyd,South,Corporate
MO-17800,Meg O'Connel,South,Home Office
BP-11185,Ben Peterman,Central,Corporate
SV-20935,Susan Vittorini,East,Consumer
BC-11125,Becky Castell,West,Home Office
EM-13825,Elizabeth Moffitt,Central,Corporate
BD-11500,Bradley Drucker,South,Consumer
BM-11575,Brendan Murry,East,Corporate
KN-16705,Kristina Nunn,West,Home Office
JD-16150,Justin Deggeller,East,Corporate
LA-16780,Laura Armstrong,West,Corporate
KW-16570,Kelly Williams,South,Consumer
CC-12220,Chris Cortes,East,Consumer
JK-15625,Jim Karlsson,East,Consumer
DC-13285,Debra Catini,South,Consumer
CL-11890,Carl Ludwig,Central,Consumer
PV-18985,Paul Van Hugh,Central,Home Office
AM-10360,Alice McCarthy,West,Corporate
SC-20260,Scott Cohen,West,Corporate
AB-10060,Adam Bellavance,South,Home Office
EH-13990,Erica Hackney,West,Consumer
MN-17935,Michael Nguyen,East,Consumer
KL-16555,Kelly Lampkin,East,Corporate
TP-21130,Theone Pippenger,South,Consumer
KM-16375,Katherine Murray,West,Home Office
BE-11455,Brad Eason,East,Home Office
CV-12295,Christina VanderZanden,West,Consumer
DK-13375,Dennis Kane,West,Consumer
SG-20605,Speros Goranitis,East,Consumer
PJ-18835,Patrick Jones,East,Corporate
SB-20290,Sean Braxton,South,Corporate
HM-14860,Harry Marie,Central,Corporate
MG-18145,Mike Gockenbach,West,Consumer
TM-21010,Tamara Manning,West,Consumer
BE-11335,Bill Eplett,West,Home Office
AS-10630,Ann Steele,East,Home Office
EM-13810,Eleni McCrary,West,Corporate
PP-18955,Paul Prost,East,Home Office
ML-18040,Michelle Lonsdale,West,Corporate
LC-16930,Linda Cazamias,West,Corporate
MC-17590,Matt Collister,West,Corporate
CR-12580,Clay Rozendal,Central,Home Office
MZ-17515,Mary Zewe,Central,Corporate
RB-19795,Ross Baird,West,Home Office
HM-14860,Harry Marie,West,Corporate
AZ-10750,Annie Zypern,East,Consumer
PW-19240,Pierre Wener,West,Consumer
AF-10870,Art Ferguson,East,Consumer
AM-10705,Anne McFarland,West,Consumer
DB-13405,Denny Blanton,East,Consumer
JG-15160,James Galang,East,Consumer
SC-20380,Shahid Collister,West,Consumer
CS-12460,Chuck Sachs,East,Consumer
CM-11935,Carlos Meador,South,Consumer
GM-14695,Greg Maxwell,West,Corporate
DC-12850,Dan Campbell,East,Consumer
FO-14305,Frank Olsen,Central,Consumer
TB-21250,Tim Brockman,East,Consumer
JM-15865,John Murray,East,Consumer
KT-16480,Kean Thornton,Central,Consumer
SC-20575,Sonia Cooley,Central,Consumer
BS-11800,Bryan Spruell,West,Home Office
BT-11395,Bill Tyler,West,Corporate
LS-17200,Luke Schmidt,Central,Corporate
RR-19315,Ralph Ritter,West,Consumer
DB-12910,Daniel Byrd,South,Home Office
NP-18700,Nora Preis,East,Consumer
CD-12790,Cynthia Delaney,Central,Home Office
TT-21220,Thomas Thornton,Central,Consumer
LO-17170,Lori Olson,West,Corporate
KD-16615,Ken Dana,West,Corporate
NB-18580,Nicole Brennan,East,Corporate
JM-15865,John Murray,West,Consumer
AB-10105,Adrian Barton,South,Consumer
PN-18775,Parhena Norris,South,Home Office
JC-15775,John Castell,South,Consumer
PF-19165,Philip Fox,East,Consumer
BP-11185,Ben Peterman,South,Corporate
MB-17305,Maria Bertelson,South,Consumer
HR-14830,Harold Ryan,East,Corporate
BD-11635,Brian Derr,South,Consumer
VM-21685,Valerie Mitchum,Central,Home Office
CM-12235,Chris McAfee,Central,Consumer
SM-20320,Sean Miller,Central,Home Office
RA-19885,Ruben Ausman,South,Corporate
SD-20485,Shirley Daniels,South,Home Office
CS-12250,Chris Selesnick,Central,Corporate
SE-20110,Sanjit Engle,Central,Consumer
RS-19765,Roland Schwarz,South,Corporate
EN-13780,Edward Nazzal,East,Consumer
KN-16450,Kean Nguyen,South,Corporate
MG-17890,Michael Granlund,West,Home Office
MC-17590,Matt Collister,Central,Corporate
BO-11350,Bill Overfelt,West,Corporate
AG-10300,Aleksandra Gannaway,West,Corporate
JM-15655,Jim Mitchum,West,Corporate
MC-17635,Matthew Clasen,Central,Corporate
TA-21385,Tom Ashbrook,East,Home Office
JF-15295,Jason Fortune-,West,Consumer
TT-21265,Tim Taslimi,West,Corporate
SB-20170,Sarah Bern,East,Consumer
KA-16525,Kelly Andreada,Central,Consumer
BF-11170,Ben Ferrer,South,Home Office
TB-21400,Tom Boeckenhauer,Central,Consumer
AS-10225,Alan Schoenberger,West,Corporate
PK-19075,Pete Kriz,West,Consumer
CL-12700,Craig Leslie,Central,Home Office
HF-14995,Herbert Flentye,South,Consumer
HG-15025,Hunter Glantz,Central,Consumer
NL-18310,Nancy Lomonaco,West,Home Office
RR-19525,Rick Reed,East,Corporate
TC-21295,Toby Carlisle,West,Consumer
DB-13615,Doug Bickford,South,Consumer
SV-20785,Stewart Visinsky,West,Consumer
MH-18115,Mick Hernandez,Central,Home Office
CT-11995,Carol Triggs,West,Consumer
KB-16315,Karl Braun,South,Consumer
RA-19285,Ralph Arnett,Central,Consumer
CM-12160,Charles McCrossin,East,Consumer
AJ-10795,Anthony Johnson,West,Corporate
DL-12865,Dan Lawera,South,Consumer
BE-11410,Bobby Elias,East,Consumer
JD-16015,Joy Daniels,East,Consumer
AB-10255,Alejandro Ballentine,West,Home Office
GH-14425,Gary Hwang,South,Consumer
LC-16885,Lena Creighton,South,Consumer
SC-20680,Steve Carroll,South,Home Office
SE-20110,Sanjit Engle,West,Consumer
LF-17185,Luke Foster,Central,Consumer
ON-18715,Odella Nelson,South,Corporate
TB-21400,Tom Boeckenhauer,South,Consumer
DF-13135,David Flashing,West,Consumer
FH-14350,Fred Harton,West,Consumer
EH-13945,Eric Hoffmann,East,Consumer
KL-16645,Ken Lonsdale,East,Consumer
EB-13750,Edward Becker,South,Corporate
BD-11725,Bruce Degenhardt,East,Consumer
MS-17530,MaryBeth Skach,West,Consumer
FM-14380,Fred McMath,South,Consumer
AP-10720,Anne Pryor,Central,Home Office
RH-19555,Ritsa Hightower,South,Consumer
CS-11950,Carlos Soltero,West,Consumer
HF-14995,Herbert Flentye,West,Consumer
GA-14515,George Ashbrook,West,Consumer
ES-14020,Erica Smith,East,Consumer
JP-16135,Julie Prescott,South,Home Office
Dp-13240,Dean percer,West,Home Office
RW-19690,Robert Waldorf,East,Consumer
MO-17950,Michael Oakman,Central,Consumer
JJ-15445,Jennifer Jackson,Central,Consumer
BT-11680,Brian Thompson,South,Consumer
ML-17755,Max Ludwig,East,Home Office
ER-13855,Elpida Rittenbach,West,Corporate
SS-20140,Saphhira Shifley,South,Corporate
TC-21295,Toby Carlisle,East,Consumer
LD-17005,Lisa DeCherney,Central,Consumer
AS-10285,Alejandro Savely,East,Corporate
KN-16450,Kean Nguyen,West,Corporate
IG-15085,Ivan Gibson,South,Consumer
JS-15595,Jill Stevenson,South,Corporate
GA-14725,Guy Armstrong,West,Consumer
DL-13330,Denise Leinenbach,West,Consumer
CS-12505,Cindy Stewart,West,Consumer
CC-12145,Charles Crestani,Central,Consumer
MH-18025,Michelle Huthwaite,West,Consumer
MP-18175,Mike Pelletier,Central,Home Office
DR-12940,Daniel Raglin,East,Home Office
DM-13015,Darrin Martin,West,Consumer
MT-18070,Michelle Tran,Central,Home Office
MJ-17740,Max Jones,East,Consumer
ND-18370,Natalie DeCherney,West,Consumer
CA-11965,Carol Adams,South,Corporate
TC-21295,Toby Carlisle,South,Consumer
CK-12325,Christine Kargatis,South,Home Office
AC-10660,Anna Chung,Central,Consumer
BH-11710,Brosina Hoffman,East,Consumer
BG-11695,Brooke Gillingham,Central,Corporate
XP-21865,Xylona Preis,East,Consumer
SN-20560,Skye Norling,Central,Home Office
DM-13345,Denise Monton,South,Corporate
KC-16255,Karen Carlisle,East,Corporate
VF-21715,Vicky Freymann,Central,Home Office
EM-13810,Eleni McCrary,East,Corporate
RB-19360,Raymond Buch,Central,Consumer
DJ-13510,Don Jones,West,Corporate
CC-12370,Christopher Conant,South,Consumer
SC-20380,Shahid Collister,South,Consumer
RH-19495,Rick Hansen,South,Consumer
AF-10885,Art Foster,East,Consumer
BF-11275,Beth Fritzler,West,Corporate
SC-20800,Stuart Calhoun,West,Consumer
SW-20275,Scott Williamson,West,Consumer
MC-17845,Michael Chen,East,Consumer
Dp-13240,Dean percer,East,Home Office
TM-21010,Tamara Manning,Central,Consumer
EP-13915,Emily Phan,West,Consumer
KH-16630,Ken Heidel,West,Corporate
HG-14845,Harry Greene,South,Consumer
JC-16105,Julie Creighton,East,Corporate
KM-16720,Kunst Miller,East,Consumer
EB-13975,Erica Bern,South,Corporate
PW-19240,Pierre Wener,Central,Consumer
CR-12730,Craig Reiter,Central,Consumer
KH-16330,Katharine Harms,Central,Corporate
DL-12925,Daniel Lacy,Central,Consumer
LS-17200,Luke Schmidt,East,Corporate
DB-13270,Deborah Brumfield,Central,Home Office
JM-16195,Justin MacKendrick,East,Consumer
BP-11155,Becky Pak,South,Consumer
TT-21220,Thomas Thornton,West,Consumer
GT-14710,Greg Tran,West,Consumer
MC-18100,Mick Crebagga,West,Consumer
LH-17020,Lisa Hazard,West,Consumer
EM-14140,Eugene Moren,West,Home Office
GG-14650,Greg Guthrie,East,Corporate
MA-17995,Michelle Arnett,East,Home Office
SH-20395,Shahid Hopkins,East,Consumer
PO-19180,Philisse Overcash,West,Home Office
AY-10555,Andy Yotov,West,Corporate
Co-12640,Corey-Lock,Central,Consumer
JF-15565,Jill Fjeld,South,Consumer
AR-10510,Andrew Roberts,Central,Consumer
DV-13045,Darrin Van Huff,East,Corporate
HL-15040,Hunter Lopez,East,Consumer
GB-14575,Giulietta Baptist,East,Consumer
RC-19960,Ryan Crowe,West,Consumer
JB-16045,Julia Barnett,South,Home Office
MC-17635,Matthew Clasen,West,Corporate
TT-21265,Tim Taslimi,East,Corporate
MJ-17740,Max Jones,Central,Consumer
NW-18400,Natalie Webber,East,Consumer
VP-21730,Victor Preis,Central,Home Office
RD-19810,Ross DeVincentis,East,Home Office
MG-17875,Michael Grace,East,Home Office
JG-15160,James Galang,South,Consumer
SR-20425,Sharelle Roach,West,Home Office
LS-16975,Lindsay Shagiari,East,Home Office
JB-16000,Joy Bell-,Central,Consumer
AC-10450,Amy Cox,East,Consumer
AI-10855,Arianne Irving,South,Consumer
DR-12880,Dan Reichenbach,West,Corporate
DM-12955,Dario Medina,Central,Corporate
AS-10045,Aaron Smayling,West,Corporate
ZD-21925,Zuschuss Donatelli,South,Consumer
BP-11230,Benjamin Patterson,East,Consumer
TC-21475,Tony Chapman,South,Home Office
SW-20350,Sean Wendt,Central,Home Office
TS-21370,Todd Sumrall,Central,Corporate
DM-13345,Denise Monton,East,Corporate
RE-19450,Richard Eichhorn,Central,Consumer
BF-11215,Benjamin Farhat,West,Home Office
YC-21895,Yoseph Carroll,East,Corporate
KM-16375,Katherine Murray,Central,Home Office
KB-16405,Katrina Bavinger,West,Home Office
DW-13480,Dianna Wilson,South,Home Office
JC-15340,Jasper Cacioppo,East,Consumer
TP-21415,Tom Prescott,Central,Consumer
CV-12805,Cynthia Voltz,Central,Corporate
JG-15310,Jason Gross,East,Corporate
JP-16135,Julie Prescott,East,Home Office
EC-14050,Erin Creighton,East,Consumer
FG-14260,Frank Gastineau,Central,Home Office
AA-10480,Andrew Allen,Central,Consumer
MS-17770,Maxwell Schwartz,West,Consumer
JE-15610,Jim Epp,South,Corporate
EB-14110,Eugene Barchas,East,Consumer
BP-11155,Becky Pak,East,Consumer
CC-12100,Chad Cunningham,West,Home Office
JP-15460,Jennifer Patt,East,Corporate
CY-12745,Craig Yedwab,Central,Corporate
AR-10825,Anthony Rawles,Central,Corporate
CS-11845,Cari Sayre,West,Corporate
NF-18385,Natalie Fritzler,East,Consumer
SM-20950,Suzanne McNair,Central,Corporate
GH-14410,Gary Hansen,West,Home Office
DB-13210,Dean Braden,South,Consumer
PT-19090,Pete Takahito,Central,Consumer
KC-16675,Kimberly Carter,South,Corporate
PK-19075,Pete Kriz,South,Consumer
KT-16465,Kean Takahito,Central,Consumer
SM-20950,Suzanne McNair,East,Corporate
TC-20980,Tamara Chand,Central,Corporate
KB-16585,Ken Black,East,Corporate
JE-16165,Justin Ellison,West,Corporate
DR-12940,Daniel Raglin,Central,Home Office
RW-19630,Rob Williams,East,Corporate
ML-18040,Michelle Lonsdale,Central,Corporate
JL-15130,Jack Lebron,Central,Consumer
CM-12655,Corinna Mitchell,South,Home Office
TB-21280,Toby Braunhardt,South,Consumer
AH-10030,Aaron Hawkins,East,Corporate
TT-21070,Ted Trevino,East,Consumer
SH-19975,Sally Hughsby,Central,Corporate
TH-21235,Tiffany House,East,Corporate
FH-14275,Frank Hawley,East,Corporate
ND-18370,Natalie DeCherney,Central,Consumer
JL-15130,Jack Lebron,West,Consumer
RC-19825,Roy Collins,East,Consumer
CC-12475,Cindy Chapman,East,Consumer
DW-13195,David Wiener,Central,Corporate
EG-13900,Emily Grady,Central,Consumer
SJ-20215,Sarah Jordon,Central,Consumer
SJ-20125,Sanjit Jacobs,West,Home Office
BG-11740,Bruce Geld,East,Consumer
CC-12220,Chris Cortes,West,Consumer
DK-12835,Damala Kotsonis,South,Corporate
LB-16795,Laurel Beltran,Central,Home Office
CM-11815,Candace McMahon,Central,Corporate
TS-21205,Thomas Seio,West,Corporate
RF-19345,Randy Ferguson,South,Corporate
JF-15565,Jill Fjeld,East,Consumer
EH-14185,Evan Henry,South,Consumer
VW-21775,Victoria Wilson,Central,Corporate
SJ-20215,Sarah Jordon,West,Consumer
PS-19045,Penelope Sewall,West,Home Office
KM-16225,Kalyca Meade,Central,Corporate
GM-14695,Greg Maxwell,South,Corporate
KT-16465,Kean Takahito,South,Consumer
JP-16135,Julie Prescott,Central,Home Office
RD-19585,Rob Dowd,West,Consumer
JF-15295,Jason Fortune-,Central,Consumer
KH-16510,Keith Herrera,Central,Consumer
CM-12655,Corinna Mitchell,East,Home Office
MW-18235,Mitch Willingham,West,Corporate
CS-11950,Carlos Soltero,East,Consumer
SP-20620,Stefania Perrino,Central,Corporate
LW-17215,Luke Weiss,East,Consumer
AH-10030,Aaron Hawkins,South,Corporate
HG-15025,Hunter Glantz,East,Consumer
EB-13750,Edward Becker,Central,Corporate
TS-21505,Tony Sayre,South,Consumer
KD-16270,Karen Daniels,Central,Consumer
PR-18880,Patrick Ryan,West,Consumer
ON-18715,Odella Nelson,West,Corporate
AH-10195,Alan Haines,Central,Corporate
BM-11650,Brian Moss,West,Corporate
NF-18595,Nicole Fjeld,Central,Home Office
TC-21535,Tracy Collins,East,Home Office
MC-17425,Mark Cousins,Central,Corporate
LC-17050,Liz Carlisle,West,Consumer
TB-21280,Toby Braunhardt,Central,Consumer
SO-20335,Sean O'Donnell,East,Consumer
CS-12490,Cindy Schnelling,Central,Corporate
SP-20620,Stefania Perrino,South,Corporate
MS-17365,Maribeth Schnelling,East,Consumer
Dp-13240,Dean percer,South,Home Office
DB-13660,Duane Benoit,Central,Consumer
MG-17650,Matthew Grinstein,West,Home Office
EH-14185,Evan Henry,Central,Consumer
KF-16285,Karen Ferguson,Central,Home Office
DH-13075,Dave Hallsten,South,Corporate
HZ-14950,Henia Zydlo,Central,Consumer
CM-12190,Charlotte Melton,West,Consumer
LB-16795,Laurel Beltran,East,Home Office
JF-15490,Jeremy Farry,East,Consumer
SS-20590,Sonia Sunley,Central,Consumer
TC-21475,Tony Chapman,West,Home Office
DE-13255,Deanra Eno,Central,Home Office
SZ-20035,Sam Zeldin,East,Home Office
LF-17185,Luke Foster,West,Consumer
RA-19945,Ryan Akin,Central,Consumer
PO-19195,Phillina Ober,West,Home Office
KA-16525,Kelly Andreada,East,Consumer
JO-15145,Jack O'Briant,East,Corporate
LE-16810,Laurel Elliston,East,Consumer
AH-10690,Anna Häberlin,East,Corporate
KN-16705,Kristina Nunn,South,Home Office
TB-21250,Tim Brockman,West,Consumer
DP-13390,Dennis Pardue,West,Home Office
ST-20530,Shui Tom,South,Consumer
EB-13870,Emily Burns,South,Consumer
AH-10210,Alan Hwang,South,Consumer
AS-10090,Adam Shillingsburg,East,Consumer
HJ-14875,Heather Jas,South,Home Office
MH-17455,Mark Hamilton,South,Consumer
CL-11890,Carl Ludwig,West,Consumer
SF-20965,Sylvia Foulston,East,Corporate
SJ-20500,Shirley Jackson,West,Consumer
PJ-19015,Pauline Johnson,South,Consumer
CC-12610,Corey Catlett,South,Corporate
MG-17875,Michael Grace,South,Home Office
RH-19600,Rob Haberlin,Central,Consumer
KB-16240,Karen Bern,Central,Corporate
CA-12055,Cathy Armstrong,West,Home Office
RD-19930,Russell D'Ascenzo,Central,Consumer
SC-20020,Sam Craven,Central,Consumer
HW-14935,Helen Wasserman,Central,Corporate
SC-20800,Stuart Calhoun,South,Consumer
HA-14920,Helen Andreada,South,Consumer
MG-17875,Michael Grace,Central,Home Office
DM-12955,Dario Medina,West,Corporate
DM-13345,Denise Monton,Central,Corporate
GA-14515,George Ashbrook,Central,Consumer
SU-20665,Stephanie Ulpright,South,Home Office
DB-13405,Denny Blanton,South,Consumer
MM-17920,Michael Moore,Central,Consumer
RD-19810,Ross DeVincentis,South,Home Office
PO-18865,Patrick O'Donnell,West,Consumer
TS-21505,Tony Sayre,West,Consumer
GT-14755,Guy Thornton,West,Consumer
DB-12910,Daniel Byrd,Central,Home Office
JK-15640,Jim Kriz,West,Home Office
FC-14335,Fred Chung,Central,Corporate
JW-15955,Joni Wasserman,East,Consumer
MT-17815,Meg Tillman,South,Consumer
DK-13090,Dave Kipp,Central,Consumer
KD-16495,Keith Dawkins,Central,Corporate
AC-10450,Amy Cox,South,Consumer
FM-14290,Frank Merwin,South,Home Office
LC-17140,Logan Currie,East,Consumer
RB-19330,Randy Bradley,East,Consumer
NC-18535,Nick Crebassa,Central,Corporate
RA-19285,Ralph Arnett,West,Consumer
SH-19975,Sally Hughsby,South,Corporate
DB-12970,Darren Budd,West,Corporate
VF-21715,Vicky Freymann,West,Home Office
AJ-10945,Ashley Jarboe,Central,Consumer
CP-12340,Christine Phan,South,Corporate
DB-13555,Dorothy Badders,East,Corporate
JP-15460,Jennifer Patt,West,Corporate
FM-14290,Frank Merwin,East,Home Office
EH-14125,Eugene Hildebrand,East,Home Office
DO-13435,Denny Ordway,West,Consumer
QJ-19255,Quincy Jones,South,Corporate
MF-17665,Maureen Fritzler,East,Corporate
EN-13780,Edward Nazzal,Central,Consumer
SS-20140,Saphhira Shifley,Central,Corporate
RS-19765,Roland Schwarz,West,Corporate
JO-15550,Jesus Ocampo,Central,Home Office
BS-11590,Brendan Sweed,Central,Corporate
AB-10255,Alejandro Ballentine,South,Home Office
MF-17665,Maureen Fritzler,West,Corporate
JL-15235,Janet Lee,East,Consumer
KH-16630,Ken Heidel,East,Corporate
RM-19750,Roland Murray,East,Consumer
VM-21835,Vivian Mathis,East,Consumer
RA-19915,Russell Applegate,South,Consumer
JG-15310,Jason Gross,Central,Corporate
LC-16870,Lena Cacioppo,East,Consumer
TS-21160,Theresa Swint,Central,Corporate
MH-18025,Michelle Huthwaite,Central,Consumer
JJ-15760,Joel Jenkins,Central,Home Office
KB-16585,Ken Black,South,Corporate
CM-12160,Charles McCrossin,West,Consumer
RF-19735,Roland Fjeld,South,Consumer
JK-15370,Jay Kimmel,South,Consumer
JB-16045,Julia Barnett,West,Home Office
RH-19510,Rick Huthwaite,Central,Home Office
MN-17935,Michael Nguyen,South,Consumer
EH-14125,Eugene Hildebrand,South,Home Office
JD-15895,Jonathan Doherty,West,Corporate
BT-11395,Bill Tyler,East,Corporate
EJ-13720,Ed Jacobs,West,Consumer
BE-11410,Bobby Elias,South,Consumer
KL-16555,Kelly Lampkin,South,Corporate
NC-18415,Nathan Cano,South,Consumer
AH-10690,Anna Häberlin,South,Corporate
NW-18400,Natalie Webber,South,Consumer
HG-14845,Harry Greene,East,Consumer
CC-12685,Craig Carroll,East,Consumer
JG-15805,John Grady,Central,Corporate
RW-19540,Rick Wilson,Central,Corporate
LS-17230,Lycoris Saunders,East,Consumer
KE-16420,Katrina Edelman,South,Corporate
TS-21370,Todd Sumrall,West,Corporate
DH-13675,Duane Huffman,East,Home Office
DM-13015,Darrin Martin,Central,Consumer
NC-18415,Nathan Cano,East,Consumer
AJ-10960,Astrea Jones,West,Consumer
LC-16885,Lena Creighton,Central,Consumer
JF-15355,Jay Fein,West,Consumer
DM-13015,Darrin Martin,South,Consumer
EP-13915,Emily Phan,South,Consumer
PF-19120,Peter Fuller,West,Consumer
DW-13195,David Wiener,South,Corporate
CK-12595,Clytie Kelty,Central,Consumer
SV-20785,Stewart Visinsky,South,Consumer
MS-17770,Maxwell Schwartz,Central,Consumer
TC-21475,Tony Chapman,Central,Home Office
SJ-20125,Sanjit Jacobs,South,Home Office
VT-21700,Valerie Takahito,East,Home Office
AB-10105,Adrian Barton,Central,Consumer
MM-18280,Muhammed MacIntyre,East,Corporate
ML-17410,Maris LaWare,West,Consumer
JS-15880,John Stevenson,Central,Consumer
VG-21805,Vivek Grady,East,Corporate
LS-17230,Lycoris Saunders,Central,Consumer
MH-17455,Mark Hamilton,Central,Consumer
TS-21340,Toby Swindell,East,Consumer
EH-13945,Eric Hoffmann,South,Consumer
MG-17695,Maureen Gnade,East,Consumer
AF-10870,Art Ferguson,South,Consumer
SC-20095,Sanjit Chand,East,Consumer
RB-19360,Raymond Buch,South,Consumer
PW-19240,Pierre Wener,East,Consumer
DW-13540,Don Weiss,East,Consumer
EH-14125,Eugene Hildebrand,West,Home Office
KE-16420,Katrina Edelman,Central,Corporate
SP-20920,Susan Pistek,West,Consumer
PS-19045,Penelope Sewall,Central,Home Office
JM-15250,Janet Martin,East,Consumer
EB-13930,Eric Barreto,South,Consumer
PL-18925,Paul Lucas,West,Home Office
CC-12370,Christopher Conant,West,Consumer
KF-16285,Karen Ferguson,East,Home Office
CS-12175,Charles Sheldon,South,Corporate
DB-13120,David Bremer,South,Corporate
DK-12895,Dana Kaydos,Central,Consumer
MP-17965,Michael Paige,South,Corporate
KM-16660,Khloe Miller,South,Consumer
MK-17905,Michael Kennedy,West,Corporate
BT-11305,Beth Thompson,Central,Home Office
FH-14350,Fred Harton,South,Consumer
AA-10645,Anna Andreadi,East,Consumer
JO-15145,Jack O'Briant,West,Corporate
SN-20710,Steve Nguyen,West,Home Office
FH-14350,Fred Harton,Central,Consumer
JF-15565,Jill Fjeld,West,Consumer
CS-11845,Cari Sayre,Central,Corporate
SP-20920,Susan Pistek,Central,Consumer
KE-16420,Katrina Edelman,East,Corporate
GA-14515,George Ashbrook,East,Consumer
DK-12985,Darren Koutras,Central,Consumer
XP-21865,Xylona Preis,Central,Consumer
DL-13330,Denise Leinenbach,South,Consumer
KH-16630,Ken Heidel,South,Corporate
NP-18685,Nora Pelletier,Central,Home Office
SC-20680,Steve Carroll,Central,Home Office
DK-12895,Dana Kaydos,South,Consumer
LS-17245,Lynn Smith,South,Consumer
KE-16420,Katrina Edelman,West,Corporate
LH-16900,Lena Hernandez,South,Consumer
TB-21175,Thomas Boland,East,Corporate
KW-16435,Katrina Willman,South,Consumer
SC-20095,Sanjit Chand,Central,Consumer
DD-13570,Dorothy Dickinson,Central,Consumer
MC-17275,Marc Crier,East,Consumer
DL-13495,Dionis Lloyd,Central,Corporate
NC-18625,Noah Childs,Central,Corporate
AC-10450,Amy Cox,West,Consumer
TS-21340,Toby Swindell,West,Consumer
MG-18145,Mike Gockenbach,South,Consumer
GZ-14470,Gary Zandusky,South,Consumer
JL-15835,John Lee,South,Consumer
AB-10600,Ann Blume,Central,Corporate
TT-21070,Ted Trevino,South,Consumer
DD-13570,Dorothy Dickinson,South,Consumer
TP-21415,Tom Prescott,East,Consumer
RB-19330,Randy Bradley,Central,Consumer
SW-20245,Scot Wooten,East,Consumer
AH-10465,Amy Hunt,East,Consumer
TP-21565,Tracy Poddar,West,Corporate
AR-10825,Anthony Rawles,East,Corporate
HJ-14875,Heather Jas,West,Home Office
JF-15355,Jay Fein,South,Consumer
EK-13795,Eileen Kiefer,West,Home Office
JK-15730,Joe Kamberova,Central,Consumer
CR-12820,Cyra Reiten,East,Home Office
AG-10300,Aleksandra Gannaway,East,Corporate
SG-20890,Susan Gilcrest,Central,Corporate
CS-12175,Charles Sheldon,Central,Corporate
BG-11740,Bruce Geld,West,Consumer
RF-19735,Roland Fjeld,East,Consumer
MA-17560,Matt Abelman,East,Home Office
AM-10705,Anne McFarland,East,Consumer
AH-10585,Angele Hood,Central,Consumer
PF-19120,Peter Fuller,South,Consumer
NC-18535,Nick Crebassa,West,Corporate
EB-13840,Ellis Ballard,Central,Corporate
WB-21850,William Brown,Central,Consumer
SR-20740,Steven Roelle,West,Home Office
VG-21805,Vivek Grady,Central,Corporate
LS-16945,Linda Southworth,Central,Corporate
NF-18475,Neil Französisch,Central,Home Office
MD-17860,Michael Dominguez,East,Corporate
MA-17995,Michelle Arnett,West,Home Office
SJ-20500,Shirley Jackson,East,Consumer
BS-11365,Bill Shonely,East,Corporate
RA-19285,Ralph Arnett,South,Consumer
TS-21610,Troy Staebel,Central,Consumer
KB-16585,Ken Black,West,Corporate
MM-18280,Muhammed MacIntyre,West,Corporate
LO-17170,Lori Olson,East,Corporate
RS-19420,Ricardo Sperren,East,Corporate
CC-12475,Cindy Chapman,Central,Consumer
KT-16480,Kean Thornton,South,Consumer
DM-13015,Darrin Martin,East,Consumer
SH-20635,Stefanie Holloman,South,Corporate
AG-10495,Andrew Gjertsen,West,Corporate
KN-16450,Kean Nguyen,Central,Corporate
NF-18595,Nicole Fjeld,West,Home Office
RM-19675,Robert Marley,East,Home Office
CA-11965,Carol Adams,Central,Corporate
DW-13195,David Wiener,West,Corporate
TH-21235,Tiffany House,West,Corporate
PO-18850,Patrick O'Brill,South,Consumer
MO-17500,Mary O'Rourke,Central,Consumer
AH-10585,Angele Hood,West,Consumer
CS-12250,Chris Selesnick,West,Corporate
ST-20530,Shui Tom,West,Consumer
JC-15775,John Castell,East,Consumer
SS-20875,Sung Shariari,West,Consumer
RD-19720,Roger Demir,South,Consumer
VM-21835,Vivian Mathis,Central,Consumer
GB-14575,Giulietta Baptist,South,Consumer
MV-17485,Mark Van Huff,West,Consumer
JL-15130,Jack Lebron,East,Consumer
AG-10330,Alex Grayson,West,Consumer
MD-17860,Michael Dominguez,South,Corporate
RR-19315,Ralph Ritter,Central,Consumer
LL-16840,Lauren Leatherbury,South,Consumer
MA-17995,Michelle Arnett,Central,Home Office
LH-16900,Lena Hernandez,Central,Consumer
PS-18970,Paul Stevenson,South,Home Office
TB-21625,Trudy Brown,West,Consumer
BP-11095,Bart Pistole,West,Corporate
CD-11920,Carlos Daly,East,Consumer
AH-10690,Anna Häberlin,West,Corporate
GZ-14470,Gary Zandusky,East,Consumer
BF-10975,Barbara Fisher,Central,Corporate
MH-17455,Mark Hamilton,East,Consumer
SC-20095,Sanjit Chand,South,Consumer
TB-21355,Todd Boyes,South,Corporate
CB-12415,Christy Brittain,Central,Consumer
MT-17815,Meg Tillman,Central,Consumer
DK-13375,Dennis Kane,Central,Consumer
SR-20740,Steven Roelle,Central,Home Office
AA-10645,Anna Andreadi,West,Consumer
AS-10630,Ann Steele,West,Home Office
DJ-13510,Don Jones,East,Corporate
BD-11620,Brian DeCherney,Central,Consumer
JM-15250,Janet Martin,West,Consumer
JK-15730,Joe Kamberova,East,Consumer
GW-14605,Giulietta Weimer,East,Consumer
GR-14560,Georgia Rosenberg,West,Corporate
VS-21820,Vivek Sundaresam,West,Consumer
LP-17095,Liz Preis,West,Consumer
BG-11740,Bruce Geld,Central,Consumer
RB-19570,Rob Beeghly,West,Consumer
JW-16075,Julia West,West,Consumer
RD-19720,Roger Demir,East,Consumer
BE-11335,Bill Eplett,East,Home Office
KC-16540,Kelly Collister,Central,Consumer
MC-18130,Mike Caudle,West,Corporate
ES-14080,Erin Smith,East,Corporate
MK-17905,Michael Kennedy,Central,Corporate
TM-21490,Tony Molinari,Central,Consumer
RL-19615,Rob Lucas,Central,Consumer
NM-18520,Neoma Murray,East,Consumer
EB-13930,Eric Barreto,Central,Consumer
SG-20470,Sheri Gordon,South,Consumer
EB-13870,Emily Burns,Central,Consumer
MC-17575,Matt Collins,South,Consumer
NM-18445,Nathan Mautz,Central,Home Office
MG-17650,Matthew Grinstein,Central,Home Office
AG-10765,Anthony Garverick,South,Home Office
AS-10045,Aaron Smayling,East,Corporate
AR-10405,Allen Rosenblatt,South,Corporate
JB-16000,Joy Bell-,East,Consumer
TS-21430,Tom Stivers,West,Corporate
TC-21475,Tony Chapman,East,Home Office
HG-14965,Henry Goldwyn,South,Corporate
GH-14410,Gary Hansen,Central,Home Office
RM-19675,Robert Marley,West,Home Office
GA-14725,Guy Armstrong,Central,Consumer
BD-11725,Bruce Degenhardt,West,Consumer
DS-13180,David Smith,West,Corporate
BS-11380,Bill Stewart,West,Corporate
HA-14905,Helen Abelman,West,Consumer
Co-12640,Corey-Lock,West,Consumer
BC-11125,Becky Castell,East,Home Office
EB-13840,Ellis Ballard,South,Corporate
DB-13360,Dennis Bolton,East,Home Office
GH-14410,Gary Hansen,East,Home Office
SV-20785,Stewart Visinsky,East,Consumer
DB-13555,Dorothy Badders,Central,Corporate
AG-10270,Alejandro Grove,East,Consumer
RE-19450,Richard Eichhorn,East,Consumer
MV-18190,Mike Vittorini,South,Consumer
JL-15835,John Lee,Central,Consumer
DH-13075,Dave Hallsten,Central,Corporate
AG-10900,Arthur Gainer,East,Consumer
JO-15280,Jas O'Carroll,East,Consumer
EJ-13720,Ed Jacobs,Central,Consumer
DJ-13420,Denny Joy,West,Corporate
DE-13255,Deanra Eno,West,Home Office
NR-18550,Nick Radford,Central,Consumer
JF-15490,Jeremy Farry,South,Consumer
LB-16795,Laurel Beltran,South,Home Office
MP-18175,Mike Pelletier,East,Home Office
LH-16900,Lena Hernandez,West,Consumer
SV-20935,Susan Vittorini,Central,Consumer
RB-19435,Richard Bierner,West,Consumer
PS-19045,Penelope Sewall,East,Home Office
CS-12355,Christine Sundaresam,West,Consumer
TS-21160,Theresa Swint,West,Corporate
BV-11245,Benjamin Venier,West,Corporate
ES-14020,Erica Smith,South,Consumer
JB-15925,Joni Blumstein,Central,Consumer
NR-18550,Nick Radford,West,Consumer
DB-13270,Deborah Brumfield,East,Home Office
CS-11860,Cari Schnelling,South,Consumer
CM-12385,Christopher Martinez,Central,Consumer
MH-18025,Michelle Huthwaite,East,Consumer
GB-14575,Giulietta Baptist,Central,Consumer
MM-18055,Michelle Moray,East,Consumer
MF-18250,Monica Federle,West,Corporate
CK-12595,Clytie Kelty,South,Consumer
NG-18430,Nathan Gelder,West,Consumer
PB-19210,Phillip Breyer,East,Corporate
LW-17125,Liz Willingham,East,Consumer
PF-19120,Peter Fuller,Central,Consumer
JE-15610,Jim Epp,West,Corporate
JO-15145,Jack O'Briant,South,Corporate
TT-21220,Thomas Thornton,East,Consumer
FH-14350,Fred Harton,East,Consumer
SC-20050,Sample Company A,South,Home Office
JO-15280,Jas O'Carroll,South,Consumer
MS-17830,Melanie Seite,East,Consumer
GK-14620,Grace Kelly,East,Corporate
SH-19975,Sally Hughsby,East,Corporate
KN-16390,Katherine Nockton,East,Corporate
PW-19240,Pierre Wener,South,Consumer
TB-21175,Thomas Boland,South,Corporate
SC-20695,Steve Chapman,Central,Corporate
EH-13765,Edward Hooks,West,Corporate
AC-10660,Anna Chung,East,Consumer
SG-20470,Sheri Gordon,West,Consumer
CA-12310,Christine Abelman,West,Corporate
JE-15610,Jim Epp,East,Corporate
MS-17530,MaryBeth Skach,East,Consumer
BH-11710,Brosina Hoffman,South,Consumer
MB-17305,Maria Bertelson,Central,Consumer
MH-18115,Mick Hernandez,South,Home Office
AR-10345,Alex Russell,East,Corporate
KD-16345,Katherine Ducich,East,Consumer
KS-16300,Karen Seio,West,Corporate
DP-13390,Dennis Pardue,South,Home Office
BD-11605,Brian Dahlen,West,Consumer
IL-15100,Ivan Liston,East,Consumer
LP-17095,Liz Preis,Central,Consumer
JD-16015,Joy Daniels,West,Consumer
DL-13330,Denise Leinenbach,East,Consumer
NC-18415,Nathan Cano,Central,Consumer
MS-17980,Michael Stewart,East,Corporate
TC-21535,Tracy Collins,West,Home Office
AB-10015,Aaron Bergman,West,Consumer
DP-13000,Darren Powers,South,Consumer
CY-12745,Craig Yedwab,South,Corporate
JR-16210,Justin Ritter,South,Corporate
AH-10210,Alan Hwang,East,Consumer
CL-12700,Craig Leslie,West,Home Office
AW-10930,Arthur Wiediger,West,Home Office
RB-19645,Robert Barroso,South,Corporate
KS-16300,Karen Seio,South,Corporate
SC-20050,Sample Company A,West,Home Office
AB-10060,Adam Bellavance,West,Home Office
CC-12475,Cindy Chapman,West,Consumer
TM-21010,Tamara Manning,South,Consumer
LR-17035,Lisa Ryan,East,Corporate
SW-20350,Sean Wendt,East,Home Office
TH-21100,Thea Hendricks,East,Consumer
SS-20410,Shahid Shariari,West,Consumer
CV-12295,Christina VanderZanden,Central,Consumer
BB-11545,Brenda Bowman,East,Corporate
HR-14770,Hallie Redmond,Central,Home Office
AI-10855,Arianne Irving,West,Consumer
KB-16240,Karen Bern,East,Corporate
AH-10465,Amy Hunt,Central,Consumer
CA-12265,Christina Anderson,East,Consumer
TT-21460,Tonja Turnell,West,Home Office
MB-18085,Mick Brown,West,Consumer
SV-20365,Seth Vernon,Central,Consumer
CG-12040,Catherine Glotzbach,Central,Home Office
BD-11500,Bradley Drucker,West,Consumer
JM-15580,Jill Matthias,South,Consumer
SC-20230,Scot Coram,East,Corporate
JM-15580,Jill Matthias,West,Consumer
KH-16690,Kristen Hastings,East,Corporate
BK-11260,Berenike Kampe,Central,Consumer
PN-18775,Parhena Norris,West,Home Office
AZ-10750,Annie Zypern,Central,Consumer
BM-11785,Bryan Mills,South,Consumer
HA-14905,Helen Abelman,Central,Consumer
DD-13570,Dorothy Dickinson,East,Consumer
MT-17815,Meg Tillman,East,Consumer
FG-14260,Frank Gastineau,East,Home Office
TS-21430,Tom Stivers,Central,Corporate
SW-20455,Shaun Weien,West,Consumer
FP-14320,Frank Preis,East,Consumer
JL-15175,James Lanier,West,Home Office
LS-17200,Luke Schmidt,West,Corporate
CS-11860,Cari Schnelling,East,Consumer
KW-16570,Kelly Williams,Central,Consumer
FC-14335,Fred Chung,West,Corporate
AJ-10795,Anthony Johnson,East,Corporate
JD-15790,John Dryer,South,Consumer
DK-12985,Darren Koutras,West,Consumer
RE-19450,Richard Eichhorn,West,Consumer
TM-21010,Tamara Manning,East,Consumer
YS-21880,Yana Sorensen,East,Corporate
LC-16930,Linda Cazamias,East,Corporate
CA-12775,Cynthia Arntzen,Central,Consumer
SR-20425,Sharelle Roach,Central,Home Office
PP-18955,Paul Prost,Central,Home Office
LS-17200,Luke Schmidt,South,Corporate
TM-21490,Tony Molinari,West,Consumer
TT-21265,Tim Taslimi,Central,Corporate
DN-13690,Duane Noonan,East,Consumer
EB-14110,Eugene Barchas,West,Consumer
CM-11815,Candace McMahon,West,Corporate
BF-11020,Barry Französisch,West,Corporate
EJ-14155,Eva Jacobs,West,Consumer
BN-11470,Brad Norvell,East,Corporate
EC-14050,Erin Creighton,South,Consumer
TT-21220,Thomas Thornton,South,Consumer
AH-10195,Alan Haines,East,Corporate
DL-13315,Delfina Latchford,West,Consumer
CB-12025,Cassandra Brandow,West,Consumer
PA-19060,Pete Armstrong,South,Home Office
BC-11125,Becky Castell,Central,Home Office
SP-20860,Sung Pak,Central,Corporate
BO-11350,Bill Overfelt,Central,Corporate
TM-21490,Tony Molinari,East,Consumer
AB-10165,Alan Barnes,Central,Consumer
BV-11245,Benjamin Venier,East,Corporate
SC-20260,Scott Cohen,East,Corporate
LS-17230,Lycoris Saunders,West,Consumer
MV-18190,Mike Vittorini,Central,Consumer
BD-11620,Brian DeCherney,East,Consumer
CV-12295,Christina VanderZanden,East,Consumer
AJ-10780,Anthony Jacobs,West,Corporate
DV-13465,Dianna Vittorini,East,Consumer
JK-15325,Jason Klamczynski,Central,Corporate
YC-21895,Yoseph Carroll,Central,Corporate
AH-10030,Aaron Hawkins,West,Corporate
AR-10540,Andy Reiter,West,Consumer
DW-13585,Dorothy Wardle,South,Corporate
CD-11920,Carlos Daly,Central,Consumer
EH-13990,Erica Hackney,Central,Consumer
AG-10495,Andrew Gjertsen,Central,Corporate
RP-19855,Roy Phan,West,Corporate
NB-18655,Nona Balk,East,Corporate
DM-13525,Don Miller,Central,Corporate
GR-14560,Georgia Rosenberg,East,Corporate
JG-15805,John Grady,West,Corporate
MC-17605,Matt Connell,West,Corporate
ML-18265,Muhammed Lee,West,Consumer
DM-13345,Denise Monton,West,Corporate
JE-15715,Joe Elijah,Central,Consumer
MH-17290,Marc Harrigan,West,Home Office
PR-18880,Patrick Ryan,South,Consumer
FC-14245,Frank Carlisle,East,Home Office
LH-16750,Larry Hughes,West,Consumer
DM-13525,Don Miller,South,Corporate
EH-14185,Evan Henry,East,Consumer
TA-21385,Tom Ashbrook,Central,Home Office
PJ-18835,Patrick Jones,Central,Corporate
MC-17605,Matt Connell,East,Corporate
TS-21205,Thomas Seio,South,Corporate
ST-20530,Shui Tom,Central,Consumer
DB-13210,Dean Braden,West,Consumer
Dp-13240,Dean percer,Central,Home Office
KB-16240,Karen Bern,South,Corporate
PB-19150,Philip Brown,South,Consumer
BF-11020,Barry Französisch,South,Corporate
CG-12520,Claire Gute,Central,Consumer
DH-13675,Duane Huffman,West,Home Office
TH-21115,Thea Hudgings,East,Corporate
JH-15430,Jennifer Halladay,West,Consumer
CK-12205,Chloris Kastensmidt,West,Consumer
EA-14035,Erin Ashbrook,West,Corporate
SC-20260,Scott Cohen,South,Corporate
TB-21355,Todd Boyes,Central,Corporate
JK-16090,Juliana Krohn,Central,Consumer
DB-12970,Darren Budd,Central,Corporate
JW-15220,Jane Waco,South,Corporate
SU-20665,Stephanie Ulpright,Central,Home Office
RF-19840,Roy Französisch,West,Consumer
PS-18970,Paul Stevenson,East,Home Office
VP-21730,Victor Preis,East,Home Office
ML-17395,Marina Lichtenstein,East,Corporate
JH-15430,Jennifer Halladay,East,Consumer
BP-11095,Bart Pistole,East,Corporate
SB-20185,Sarah Brown,East,Consumer
BS-11380,Bill Stewart,East,Corporate
FM-14215,Filia McAdams,South,Corporate
AF-10870,Art Ferguson,West,Consumer
BG-11035,Barry Gonzalez,South,Consumer
AB-10105,Adrian Barton,East,Consumer
DV-13045,Darrin Van Huff,South,Corporate
PP-18955,Paul Prost,West,Home Office
DR-12880,Dan Reichenbach,South,Corporate
RB-19465,Rick Bensley,East,Home Office
CR-12580,Clay Rozendal,East,Home Office
AT-10435,Alyssa Tate,East,Home Office
AG-10495,Andrew Gjertsen,South,Corporate
JB-16000,Joy Bell-,West,Consumer
PJ-18835,Patrick Jones,West,Corporate
BP-11230,Benjamin Patterson,Central,Consumer
CK-12205,Chloris Kastensmidt,South,Consumer
RB-19705,Roger Barcio,Central,Home Office
AH-10465,Amy Hunt,West,Consumer
AG-10765,Anthony Garverick,Central,Home Office
EB-14170,Evan Bailliet,Central,Consumer
CA-12055,Cathy Armstrong,East,Home Office
SS-20875,Sung Shariari,East,Consumer
HR-14770,Hallie Redmond,East,Home Office
AG-10900,Arthur Gainer,South,Consumer
RD-19720,Roger Demir,Central,Consumer
DW-13585,Dorothy Wardle,West,Corporate
AH-10690,Anna Häberlin,Central,Corporate
BP-11155,Becky Pak,West,Consumer
DH-13075,Dave Hallsten,West,Corporate
DK-13090,Dave Kipp,East,Consumer
SS-20410,Shahid Shariari,Central,Consumer
LC-17050,Liz Carlisle,South,Consumer
BW-11065,Barry Weirich,South,Consumer
JP-16135,Julie Prescott,West,Home Office
AR-10345,Alex Russell,Central,Corporate
BP-11290,Beth Paige,West,Consumer
JD-15790,John Dryer,West,Consumer
JK-16090,Juliana Krohn,West,Consumer
MG-18205,Mitch Gastineau,South,Corporate
LD-17005,Lisa DeCherney,East,Consumer
DL-13315,Delfina Latchford,South,Consumer
JD-16150,Justin Deggeller,West,Corporate
LS-17245,Lynn Smith,East,Consumer
CS-12175,Charles Sheldon,West,Corporate
KB-16405,Katrina Bavinger,East,Home Office
BP-11290,Beth Paige,South,Consumer
MJ-17740,Max Jones,South,Consumer
DO-13645,Doug O'Connell,West,Consumer
BS-11665,Brian Stugart,West,Consumer
DA-13450,Dianna Arnett,South,Home Office
JK-15730,Joe Kamberova,West,Consumer
MS-17530,MaryBeth Skach,South,Consumer
CM-12235,Chris McAfee,South,Consumer
BP-11185,Ben Peterman,East,Corporate
RD-19900,Ruben Dartt,Central,Consumer
MV-17485,Mark Van Huff,East,Consumer
LS-17245,Lynn Smith,West,Consumer
BP-11050,Barry Pond,East,Corporate
CC-12220,Chris Cortes,South,Consumer
JM-15580,Jill Matthias,East,Consumer
SS-20410,Shahid Shariari,South,Consumer
KD-16495,Keith Dawkins,West,Corporate
ZD-21925,Zuschuss Donatelli,Central,Consumer
SC-20680,Steve Carroll,West,Home Office
PF-19120,Peter Fuller,East,Consumer
RB-19435,Richard Bierner,South,Consumer
GD-14590,Giulietta Dortch,West,Corporate
RL-19615,Rob Lucas,East,Consumer
RW-19690,Robert Waldorf,West,Consumer
JM-15265,Janet Molinari,West,Corporate
SG-20890,Susan Gilcrest,East,Corporate
TS-21430,Tom Stivers,East,Corporate
MA-17560,Matt Abelman,West,Home Office
LR-17035,Lisa Ryan,West,Corporate
RR-19525,Rick Reed,Central,Corporate
SV-20935,Susan Vittorini,West,Consumer
JS-16030,Joy Smith,South,Consumer
NS-18640,Noel Staavos,East,Corporate
RF-19345,Randy Ferguson,West,Corporate
AG-10390,Allen Goldenen,West,Consumer
BD-11635,Brian Derr,East,Consumer
HG-15025,Hunter Glantz,South,Consumer
AC-10615,Ann Chong,West,Corporate
AH-10585,Angele Hood,South,Consumer
PG-18820,Patrick Gardner,Central,Consumer
AA-10645,Anna Andreadi,South,Consumer
CP-12085,Cathy Prescott,West,Corporate
BF-11215,Benjamin Farhat,Central,Home Office
TS-21655,Trudy Schmidt,Central,Consumer
KN-16705,Kristina Nunn,East,Home Office
AH-10465,Amy Hunt,South,Consumer
BG-11035,Barry Gonzalez,Central,Consumer
NZ-18565,Nick Zandusky,Central,Home Office
JE-15475,Jeremy Ellison,Central,Consumer
HR-14830,Harold Ryan,South,Corporate
SP-20920,Susan Pistek,East,Consumer
JR-16210,Justin Ritter,West,Corporate
SS-20140,Saphhira Shifley,West,Corporate
EH-13990,Erica Hackney,East,Consumer
EM-14200,Evan Minnotte,South,Home Office
TB-21190,Thomas Brumley,East,Home Office
AB-10165,Alan Barnes,South,Consumer
AO-10810,Anthony O'Donnell,West,Corporate
KN-16705,Kristina Nunn,Central,Home Office
NC-18415,Nathan Cano,West,Consumer
JF-15190,Jamie Frazer,East,Consumer
KM-16660,Khloe Miller,West,Consumer
AC-10660,Anna Chung,West,Consumer
JG-15310,Jason Gross,West,Corporate
RM-19375,Raymond Messe,South,Consumer
AG-10330,Alex Grayson,Central,Consumer
MC-17605,Matt Connell,South,Corporate
ES-14020,Erica Smith,Central,Consumer
MM-17920,Michael Moore,South,Consumer
MH-17440,Mark Haberlin,East,Corporate
AM-10705,Anne McFarland,Central,Consumer
MW-18220,Mitch Webber,West,Consumer
SB-20185,Sarah Brown,Central,Consumer
CM-12445,Chuck Magee,Central,Consumer
ME-18010,Michelle Ellison,East,Corporate
MC-17425,Mark Cousins,East,Corporate
BT-11530,Bradley Talbott,East,Home Office
NW-18400,Natalie Webber,Central,Consumer
JF-15415,Jennifer Ferguson,West,Consumer
AC-10420,Alyssa Crouse,East,Corporate
CR-12580,Clay Rozendal,West,Home Office
ML-17410,Maris LaWare,Central,Consumer
MC-17575,Matt Collins,Central,Consumer
VM-21685,Valerie Mitchum,South,Home Office
VW-21775,Victoria Wilson,South,Corporate
GK-14620,Grace Kelly,Central,Corporate
AT-10435,Alyssa Tate,South,Home Office
RO-19780,Rose O'Brian,West,Consumer
AT-10735,Annie Thurman,South,Consumer
BB-11545,Brenda Bowman,West,Corporate
AS-10285,Alejandro Savely,Central,Corporate
JH-15910,Jonathan Howell,East,Consumer
JK-15205,Jamie Kunitz,East,Consumer
ME-17725,Max Engle,South,Consumer
AZ-10750,Annie Zypern,West,Consumer
AJ-10780,Anthony Jacobs,East,Corporate
SF-20965,Sylvia Foulston,West,Corporate
SB-20170,Sarah Bern,Central,Consumer
AH-10210,Alan Hwang,Central,Consumer
NK-18490,Neil Knudson,Central,Home Office
LW-17125,Liz Willingham,West,Consumer
NG-18355,Nat Gilpin,Central,Corporate
SP-20860,Sung Pak,South,Corporate
RB-19795,Ross Baird,Central,Home Office
NB-18655,Nona Balk,West,Corporate
EM-14140,Eugene Moren,East,Home Office
PO-18850,Patrick O'Brill,West,Consumer
AG-10900,Arthur Gainer,Central,Consumer
BF-11275,Beth Fritzler,South,Corporate
BS-11590,Brendan Sweed,East,Corporate
FC-14245,Frank Carlisle,West,Home Office
DS-13030,Darrin Sayre,East,Home Office
TP-21565,Tracy Poddar,Central,Corporate
LA-16780,Laura Armstrong,South,Corporate
AW-10930,Arthur Wiediger,East,Home Office
TB-21595,Troy Blackwell,East,Consumer
TB-21250,Tim Brockman,Central,Consumer
AH-10120,Adrian Hane,Central,Home Office
BW-11110,Bart Watters,West,Corporate
AH-10120,Adrian Hane,South,Home Office
DR-12940,Daniel Raglin,South,Home Office
RD-19660,Robert Dilbeck,West,Home Office
DO-13645,Doug O'Connell,East,Consumer
CC-12370,Christopher Conant,East,Consumer
BW-11110,Bart Watters,East,Corporate
PR-18880,Patrick Ryan,Central,Consumer
BT-11680,Brian Thompson,Central,Consumer
EC-14050,Erin Creighton,West,Consumer
SP-20650,Stephanie Phelps,East,Corporate
VT-21700,Valerie Takahito,Central,Home Office
DB-13060,Dave Brooks,South,Consumer
NR-18550,Nick Radford,South,Consumer
JW-16075,Julia West,South,Consumer
MF-18250,Monica Federle,East,Corporate
FA-14230,Frank Atkinson,South,Corporate
SS-20515,Shirley Schmidt,South,Home Office
LC-17050,Liz Carlisle,East,Consumer
LD-16855,Lela Donovan,Central,Corporate
DK-13150,David Kendrick,East,Corporate
AR-10540,Andy Reiter,Central,Consumer
CC-12100,Chad Cunningham,East,Home Office
CA-11965,Carol Adams,East,Corporate
FH-14365,Fred Hopkins,South,Corporate
HK-14890,Heather Kirkland,East,Corporate
DP-13000,Darren Powers,East,Consumer
JH-16180,Justin Hirsh,East,Consumer
EB-13750,Edward Becker,East,Corporate
SC-20260,Scott Cohen,Central,Corporate
KM-16720,Kunst Miller,Central,Consumer
RD-19720,Roger Demir,West,Consumer
BG-11740,Bruce Geld,South,Consumer
JK-16090,Juliana Krohn,South,Consumer
MV-18190,Mike Vittorini,West,Consumer
VP-21760,Victoria Pisteka,West,Corporate
TB-21400,Tom Boeckenhauer,East,Consumer
NP-18685,Nora Pelletier,South,Home Office
MB-18085,Mick Brown,South,Consumer
OT-18730,Olvera Toch,South,Consumer
SB-20290,Sean Braxton,West,Corporate
TW-21025,Tamara Willingham,South,Home Office
DL-13330,Denise Leinenbach,Central,Consumer
SD-20485,Shirley Daniels,West,Home Office
HG-15025,Hunter Glantz,West,Consumer
SS-20515,Shirley Schmidt,Central,Home Office
BF-11170,Ben Ferrer,East,Home Office
PJ-19015,Pauline Johnson,East,Consumer
MF-17665,Maureen Fritzler,South,Corporate
BT-11680,Brian Thompson,West,Consumer
KB-16600,Ken Brennan,East,Corporate
AA-10375,Allen Armold,East,Consumer
TC-21145,Theresa Coyne,East,Corporate
DB-12970,Darren Budd,East,Corporate
CS-12175,Charles Sheldon,East,Corporate
CL-12700,Craig Leslie,East,Home Office
HF-14995,Herbert Flentye,East,Consumer
JH-15910,Jonathan Howell,South,Consumer
IM-15055,Ionia McGrath,West,Consumer
PS-18760,Pamela Stobb,East,Consumer
LO-17170,Lori Olson,Central,Corporate
PW-19030,Pauline Webber,East,Corporate
DP-13165,David Philippe,Central,Consumer
BM-11575,Brendan Murry,West,Corporate
BF-10975,Barbara Fisher,East,Corporate
NP-18670,Nora Paige,West,Consumer
BT-11440,Bobby Trafton,Central,Consumer
JO-15145,Jack O'Briant,Central,Corporate
MF-18250,Monica Federle,South,Corporate
MY-17380,Maribeth Yedwab,Central,Corporate
SC-20230,Scot Coram,West,Corporate
RF-19345,Randy Ferguson,Central,Corporate
VS-21820,Vivek Sundaresam,Central,Consumer
TN-21040,Tanja Norvell,East,Home Office
JS-15595,Jill Stevenson,Central,Corporate
BN-11470,Brad Norvell,West,Corporate
AR-10405,Allen Rosenblatt,Central,Corporate
JE-16165,Justin Ellison,South,Corporate
EM-13960,Eric Murdock,West,Consumer
EM-13825,Elizabeth Moffitt,West,Corporate
NP-18700,Nora Preis,Central,Consumer
SH-20635,Stefanie Holloman,West,Corporate
BM-11785,Bryan Mills,West,Consumer
HG-14965,Henry Goldwyn,East,Corporate
BM-11140,Becky Martin,West,Consumer
MS-17710,Maurice Satty,South,Consumer
PS-18760,Pamela Stobb,Central,Consumer
RD-19930,Russell D'Ascenzo,West,Consumer
HM-14980,Henry MacAllister,West,Consumer
AR-10570,Anemone Ratner,South,Consumer
TB-21190,Thomas Brumley,West,Home Office
JD-15895,Jonathan Doherty,South,Corporate
SO-20335,Sean O'Donnell,West,Consumer
JA-15970,Joseph Airdo,Central,Consumer
BB-11545,Brenda Bowman,South,Corporate
ME-18010,Michelle Ellison,Central,Corporate
DB-12910,Daniel Byrd,West,Home Office
RD-19585,Rob Dowd,East,Consumer
PB-19105,Peter Bühler,South,Consumer
AT-10735,Annie Thurman,East,Consumer
NM-18445,Nathan Mautz,West,Home Office
TR-21325,Toby Ritter,South,Consumer
JF-15355,Jay Fein,East,Consumer
CK-12205,Chloris Kastensmidt,Central,Consumer
JE-15715,Joe Elijah,South,Consumer
CD-11980,Carol Darley,East,Consumer
DF-13135,David Flashing,East,Consumer
SM-20005,Sally Matthias,West,Consumer
LH-16750,Larry Hughes,East,Consumer
KH-16330,Katharine Harms,East,Corporate
SS-20875,Sung Shariari,South,Consumer
TG-21640,Trudy Glocke,Central,Consumer
HP-14815,Harold Pawlan,South,Home Office
MH-17290,Marc Harrigan,East,Home Office
VD-21670,Valerie Dominguez,Central,Consumer
SR-20425,Sharelle Roach,South,Home Office
BP-11095,Bart Pistole,South,Corporate
JW-16075,Julia West,Central,Consumer
MS-17770,Maxwell Schwartz,South,Consumer
SG-20605,Speros Goranitis,West,Consumer
JK-15205,Jamie Kunitz,South,Consumer
JS-15880,John Stevenson,South,Consumer
VB-21745,Victoria Brennan,East,Corporate
MG-17890,Michael Granlund,Central,Home Office
BO-11425,Bobby Odegard,East,Consumer
CM-12115,Chad McGuire,West,Consumer
BP-11290,Beth Paige,East,Consumer
TG-21310,Toby Gnade,East,Consumer
RB-19360,Raymond Buch,West,Consumer
SC-20380,Shahid Collister,East,Consumer
SC-20305,Sean Christensen,West,Consumer
RL-19615,Rob Lucas,West,Consumer
SB-20170,Sarah Bern,West,Consumer
JS-15595,Jill Stevenson,East,Corporate
EM-13825,Elizabeth Moffitt,South,Corporate
EM-14140,Eugene Moren,Central,Home Office
GZ-14545,George Zrebassa,West,Corporate
PG-18895,Paul Gonzalez,South,Consumer
SJ-20215,Sarah Jordon,South,Consumer
JK-16120,Julie Kriz,South,Home Office
BS-11365,Bill Shonely,Central,Corporate
AG-10525,Andy Gerbode,Central,Corporate
CB-12415,Christy Brittain,West,Consumer
DO-13645,Doug O'Connell,South,Consumer
MG-18145,Mike Gockenbach,Central,Consumer
SC-20575,Sonia Cooley,South,Consumer
TN-21040,Tanja Norvell,Central,Home Office
ZC-21910,Zuschuss Carroll,East,Consumer
KH-16330,Katharine Harms,West,Corporate
SP-20650,Stephanie Phelps,Central,Corporate
RD-19660,Robert Dilbeck,East,Home Office
DS-13180,David Smith,East,Corporate
TG-21310,Toby Gnade,South,Consumer
ML-18265,Muhammed Lee,South,Consumer
AG-10270,Alejandro Grove,Central,Consumer
LT-16765,Larry Tron,East,Consumer
DD-13570,Dorothy Dickinson,West,Consumer
DM-12955,Dario Medina,East,Corporate
ME-17725,Max Engle,Central,Consumer
JS-15880,John Stevenson,East,Consumer
SC-20770,Stewart Carmichael,East,Corporate
MH-17440,Mark Haberlin,South,Corporate
JL-15235,Janet Lee,West,Consumer
VP-21760,Victoria Pisteka,Central,Corporate
RD-19810,Ross DeVincentis,Central,Home Office
MH-18025,Michelle Huthwaite,South,Consumer
FM-14380,Fred McMath,Central,Consumer
KH-16360,Katherine Hughes,Central,Consumer
AA-10315,Alex Avila,East,Consumer
LB-16795,Laurel Beltran,West,Home Office
PM-19135,Peter McVee,East,Home Office
JK-15325,Jason Klamczynski,East,Corporate
BW-11200,Ben Wallace,Central,Consumer
SH-20395,Shahid Hopkins,West,Consumer
SW-20245,Scot Wooten,South,Consumer
MV-17485,Mark Van Huff,Central,Consumer
CM-12715,Craig Molinari,Central,Corporate
JR-16210,Justin Ritter,Central,Corporate
DL-12925,Daniel Lacy,East,Consumer
KN-16390,Katherine Nockton,Central,Corporate
FH-14275,Frank Hawley,South,Corporate
SW-20755,Steven Ward,West,Corporate
PN-18775,Parhena Norris,Central,Home Office
EJ-13720,Ed Jacobs,East,Consumer
KH-16690,Kristen Hastings,South,Corporate
BS-11665,Brian Stugart,Central,Consumer
BH-11710,Brosina Hoffman,Central,Consumer
CM-12235,Chris McAfee,East,Consumer
SS-20515,Shirley Schmidt,East,Home Office
KH-16360,Katherine Hughes,South,Consumer
CA-11965,Carol Adams,West,Corporate
DL-12925,Daniel Lacy,South,Consumer
FW-14395,Fred Wasserman,South,Corporate
PS-18970,Paul Stevenson,West,Home Office
SC-20575,Sonia Cooley,West,Consumer
SG-20605,Speros Goranitis,South,Consumer
NB-18580,Nicole Brennan,South,Corporate
TS-21655,Trudy Schmidt,West,Consumer
JG-15115,Jack Garza,South,Consumer
KM-16375,Katherine Murray,East,Home Office
RS-19420,Ricardo Sperren,South,Corporate
SV-20815,Stuart Van,West,Corporate
JB-15925,Joni Blumstein,West,Consumer
PB-19105,Peter Bühler,East,Consumer
TS-21505,Tony Sayre,East,Consumer
TN-21040,Tanja Norvell,South,Home Office
DG-13300,Deirdre Greer,West,Corporate
AG-10330,Alex Grayson,South,Consumer
CM-11935,Carlos Meador,West,Consumer
EK-13795,Eileen Kiefer,Central,Home Office
CW-11905,Carl Weiss,East,Home Office
KH-16510,Keith Herrera,South,Consumer
AB-10600,Ann Blume,South,Corporate
JP-15460,Jennifer Patt,Central,Corporate
CC-12550,Clay Cheatham,Central,Consumer
SL-20155,Sara Luxemburg,West,Home Office
LB-16735,Larry Blacks,South,Consumer
CS-12505,Cindy Stewart,East,Consumer
ER-13855,Elpida Rittenbach,South,Corporate
LW-17215,Luke Weiss,Central,Consumer
BP-11050,Barry Pond,Central,Corporate
BW-11065,Barry Weirich,East,Consumer
VS-21820,Vivek Sundaresam,South,Consumer
MG-17680,Maureen Gastineau,West,Home Office
GW-14605,Giulietta Weimer,South,Consumer
PW-19030,Pauline Webber,West,Corporate
MB-18085,Mick Brown,Central,Consumer
CR-12820,Cyra Reiten,South,Home Office
GM-14500,Gene McClure,Central,Consumer
DW-13540,Don Weiss,Central,Consumer
TS-21205,Thomas Seio,Central,Corporate
SM-20320,Sean Miller,West,Home Office
LW-16825,Laurel Workman,East,Corporate
DB-13360,Dennis Bolton,West,Home Office
MO-17950,Michael Oakman,South,Consumer
JS-15685,Jim Sink,East,Corporate
TS-21655,Trudy Schmidt,South,Consumer
DO-13645,Doug O'Connell,Central,Consumer
JE-15715,Joe Elijah,East,Consumer
EM-14200,Evan Minnotte,Central,Home Office
MC-17425,Mark Cousins,West,Corporate
SC-20380,Shahid Collister,Central,Consumer
JS-15685,Jim Sink,South,Corporate
CC-12610,Corey Catlett,West,Corporate
JK-15625,Jim Karlsson,South,Consumer
EH-13765,Edward Hooks,Central,Corporate
VM-21835,Vivian Mathis,South,Consumer
BS-11365,Bill Shonely,West,Corporate
KD-16270,Karen Daniels,West,Consumer
AA-10645,Anna Andreadi,Central,Consumer
TB-21625,Trudy Brown,East,Consumer
DM-13525,Don Miller,East,Corporate
JC-15775,John Castell,West,Consumer
PV-18985,Paul Van Hugh,East,Home Office
JM-16195,Justin MacKendrick,South,Consumer
CM-12715,Craig Molinari,East,Corporate
TC-20980,Tamara Chand,East,Corporate
JM-15250,Janet Martin,Central,Consumer
LC-16960,Lindsay Castell,South,Home Office
JL-15130,Jack Lebron,South,Consumer
SR-20425,Sharelle Roach,East,Home Office
SB-20185,Sarah Brown,West,Consumer
CR-12820,Cyra Reiten,Central,Home Office
JM-15865,John Murray,Central,Consumer
LW-16825,Laurel Workman,Central,Corporate
CS-12490,Cindy Schnelling,South,Corporate
BF-11215,Benjamin Farhat,East,Home Office
NK-18490,Neil Knudson,East,Home Office
JD-15790,John Dryer,East,Consumer
JJ-15445,Jennifer Jackson,East,Consumer
HE-14800,Harold Engle,Central,Corporate
SS-20410,Shahid Shariari,East,Consumer
BM-11575,Brendan Murry,Central,Corporate
DM-12955,Dario Medina,South,Corporate
MC-17845,Michael Chen,Central,Consumer
ML-17395,Marina Lichtenstein,South,Corporate
AB-10015,Aaron Bergman,Central,Consumer
PF-19165,Philip Fox,South,Consumer
CJ-12010,Caroline Jumper,South,Consumer
PT-19090,Pete Takahito,South,Consumer
BS-11365,Bill Shonely,South,Corporate
CS-12400,Christopher Schild,East,Home Office
DK-12895,Dana Kaydos,West,Consumer
MY-18295,Muhammed Yedwab,West,Corporate
ND-18460,Neil Ducich,East,Corporate
DH-13675,Duane Huffman,South,Home Office
LC-16885,Lena Creighton,East,Consumer
OT-18730,Olvera Toch,Central,Consumer
GW-14605,Giulietta Weimer,Central,Consumer
HM-14980,Henry MacAllister,South,Consumer
SF-20065,Sandra Flanagan,Central,Consumer
FC-14245,Frank Carlisle,South,Home Office
TC-20980,Tamara Chand,South,Corporate
GM-14440,Gary McGarr,South,Consumer
BO-11350,Bill Overfelt,East,Corporate
XP-21865,Xylona Preis,South,Consumer
JL-15235,Janet Lee,South,Consumer
SV-20365,Seth Vernon,West,Consumer
MF-18250,Monica Federle,Central,Corporate
MH-17440,Mark Haberlin,Central,Corporate
CD-12790,Cynthia Delaney,East,Home Office
JB-16045,Julia Barnett,East,Home Office
EJ-14155,Eva Jacobs,East,Consumer
BD-11620,Brian DeCherney,South,Consumer
MR-17545,Mathew Reese,Central,Home Office
SM-20950,Suzanne McNair,West,Corporate
HE-14800,Harold Engle,East,Corporate
TH-21100,Thea Hendricks,South,Consumer
MD-17350,Maribeth Dona,Central,Consumer
AH-10075,Adam Hart,Central,Corporate
NP-18670,Nora Paige,East,Consumer
RP-19390,Resi Pölking,West,Consumer
KN-16450,Kean Nguyen,East,Corporate
RA-19945,Ryan Akin,East,Consumer
MM-17260,Magdelene Morse,West,Consumer
BN-11470,Brad Norvell,Central,Corporate
TH-21115,Thea Hudgings,Central,Corporate
DR-12940,Daniel Raglin,West,Home Office
IG-15085,Ivan Gibson,East,Consumer
GM-14500,Gene McClure,South,Consumer
NC-18625,Noah Childs,East,Corporate
BF-11020,Barry Französisch,East,Corporate
DP-13390,Dennis Pardue,East,Home Office
BD-11560,Brendan Dodson,West,Home Office
SE-20110,Sanjit Engle,South,Consumer
CC-12685,Craig Carroll,Central,Consumer
NS-18640,Noel Staavos,South,Corporate
EM-14065,Erin Mull,Central,Consumer
ME-17320,Maria Etezadi,West,Home Office
BS-11755,Bruce Stewart,Central,Consumer
HD-14785,Harold Dahlen,East,Home Office
KB-16315,Karl Braun,West,Consumer
DS-13180,David Smith,South,Corporate
CB-12025,Cassandra Brandow,South,Consumer
PM-18940,Paul MacIntyre,South,Consumer
DJ-13420,Denny Joy,Central,Corporate
MH-17440,Mark Haberlin,West,Corporate
FC-14335,Fred Chung,East,Corporate
PM-19135,Peter McVee,South,Home Office
GD-14590,Giulietta Dortch,South,Corporate
PA-19060,Pete Armstrong,West,Home Office
CA-12310,Christine Abelman,Central,Corporate
BT-11440,Bobby Trafton,East,Consumer
BD-11770,Bryan Davis,West,Consumer
EM-14095,Eudokia Martin,East,Corporate
LC-17050,Liz Carlisle,Central,Consumer
CM-12235,Chris McAfee,West,Consumer
AG-10525,Andy Gerbode,East,Corporate
OT-18730,Olvera Toch,East,Consumer
DB-13120,David Bremer,Central,Corporate
MH-17455,Mark Hamilton,West,Consumer
RR-19525,Rick Reed,South,Corporate
MH-17620,Matt Hagelstein,East,Corporate
HZ-14950,Henia Zydlo,South,Consumer
JG-15160,James Galang,Central,Consumer
CJ-11875,Carl Jackson,East,Corporate
SR-20740,Steven Roelle,South,Home Office
AY-10555,Andy Yotov,East,Corporate
CR-12625,Corey Roper,Central,Home Office
NF-18475,Neil Französisch,West,Home Office
MH-17290,Marc Harrigan,South,Home Office
CS-12250,Chris Selesnick,East,Corporate
RB-19465,Rick Bensley,South,Home Office
FO-14305,Frank Olsen,West,Consumer
LC-16960,Lindsay Castell,East,Home Office
SW-20455,Shaun Weien,East,Consumer
KF-16285,Karen Ferguson,South,Home Office
JC-16105,Julie Creighton,Central,Corporate
TT-21460,Tonja Turnell,South,Home Office
SN-20560,Skye Norling,East,Home Office
JM-15865,John Murray,South,Consumer
RB-19435,Richard Bierner,East,Consumer
TC-21295,Toby Carlisle,Central,Consumer
MY-18295,Muhammed Yedwab,South,Corporate
FC-14245,Frank Carlisle,Central,Home Office
CR-12625,Corey Roper,South,Home Office
LC-16960,Lindsay Castell,West,Home Office
EM-14095,Eudokia Martin,South,Corporate
SU-20665,Stephanie Ulpright,East,Home Office
SA-20830,Sue Ann Reed,East,Consumer
DF-13135,David Flashing,Central,Consumer
FP-14320,Frank Preis,Central,Consumer
SW-20245,Scot Wooten,Central,Consumer
NC-18535,Nick Crebassa,East,Corporate
AS-10090,Adam Shillingsburg,West,Consumer
VG-21790,Vivek Gonzalez,South,Consumer
RO-19780,Rose O'Brian,Central,Consumer
LW-17125,Liz Willingham,South,Consumer
CC-12370,Christopher Conant,Central,Consumer
RD-19900,Ruben Dartt,East,Consumer
CS-11860,Cari Schnelling,Central,Consumer
DL-13315,Delfina Latchford,Central,Consumer
VP-21760,Victoria Pisteka,South,Corporate
HG-14845,Harry Greene,Central,Consumer
TB-21280,Toby Braunhardt,West,Consumer
BP-11050,Barry Pond,West,Corporate
VP-21760,Victoria Pisteka,East,Corporate
EM-13960,Eric Murdock,Central,Consumer
ND-18460,Neil Ducich,West,Corporate
KM-16225,Kalyca Meade,West,Corporate
SL-20155,Sara Luxemburg,East,Home Office
ED-13885,Emily Ducich,East,Home Office
LO-17170,Lori Olson,South,Corporate
LR-17035,Lisa Ryan,Central,Corporate
SV-20785,Stewart Visinsky,Central,Consumer
MA-17995,Michelle Arnett,South,Home Office
NS-18505,Neola Schneider,East,Consumer
JK-15325,Jason Klamczynski,West,Corporate
FW-14395,Fred Wasserman,East,Corporate
KM-16660,Khloe Miller,East,Consumer
GH-14410,Gary Hansen,South,Home Office
MG-17695,Maureen Gnade,Central,Consumer
JL-15505,Jeremy Lonsdale,West,Consumer
SM-20320,Sean Miller,East,Home Office
BB-10990,Barry Blumstein,Central,Corporate
NR-18550,Nick Radford,East,Consumer
RS-19870,Roy Skaria,Central,Home Office
FM-14290,Frank Merwin,Central,Home Office
PW-19030,Pauline Webber,Central,Corporate
SU-20665,Stephanie Ulpright,West,Home Office
MY-17380,Maribeth Yedwab,South,Corporate
CP-12085,Cathy Prescott,South,Corporate
SC-20305,Sean Christensen,East,Consumer
JH-15820,John Huston,South,Consumer
RS-19765,Roland Schwarz,Central,Corporate
AM-10360,Alice McCarthy,East,Corporate
KD-16615,Ken Dana,East,Corporate
SM-20005,Sally Matthias,Central,Consumer
DB-13660,Duane Benoit,West,Consumer
AJ-10945,Ashley Jarboe,West,Consumer
CK-12325,Christine Kargatis,East,Home Office
JF-15415,Jennifer Ferguson,Central,Consumer
RD-19480,Rick Duston,East,Consumer
KB-16600,Ken Brennan,West,Corporate
DP-13105,Dave Poirier,Central,Corporate
CC-12670,Craig Carreira,South,Consumer
SC-20845,Sung Chung,Central,Consumer
MH-17620,Matt Hagelstein,Central,Corporate
RE-19405,Ricardo Emerson,East,Consumer
HR-14770,Hallie Redmond,South,Home Office
DN-13690,Duane Noonan,Central,Consumer
BW-11110,Bart Watters,South,Corporate
BS-11590,Brendan Sweed,South,Corporate
JS-16030,Joy Smith,East,Consumer
CD-12280,Christina DeMoss,East,Consumer
CM-12385,Christopher Martinez,West,Consumer
EC-14050,Erin Creighton,Central,Consumer
VM-21835,Vivian Mathis,West,Consumer
AB-10060,Adam Bellavance,Central,Home Office
KW-16570,Kelly Williams,West,Consumer
BE-11410,Bobby Elias,Central,Consumer
NF-18475,Neil Französisch,South,Home Office
MS-17710,Maurice Satty,East,Consumer
SG-20605,Speros Goranitis,Central,Consumer
AC-10615,Ann Chong,Central,Corporate
MR-17545,Mathew Reese,West,Home Office
BW-11200,Ben Wallace,East,Consumer
RP-19270,Rachel Payne,Central,Corporate
SC-20020,Sam Craven,East,Consumer
BD-11560,Brendan Dodson,South,Home Office
SM-20905,Susan MacKendrick,East,Consumer
CG-12040,Catherine Glotzbach,West,Home Office
TG-21640,Trudy Glocke,South,Consumer
SF-20065,Sandra Flanagan,West,Consumer
RS-19870,Roy Skaria,East,Home Office
HJ-14875,Heather Jas,Central,Home Office
SV-20815,Stuart Van,South,Corporate
BE-11410,Bobby Elias,West,Consumer
HD-14785,Harold Dahlen,Central,Home Office
BF-11005,Barry Franz,Central,Home Office
TP-21130,Theone Pippenger,West,Consumer
TD-20995,Tamara Dahlen,South,Consumer
EG-13900,Emily Grady,South,Consumer
CS-11950,Carlos Soltero,South,Consumer
MH-17785,Maya Herman,Central,Corporate
JH-15985,Joseph Holt,South,Consumer
CM-12715,Craig Molinari,West,Corporate
MW-18220,Mitch Webber,Central,Consumer
GK-14620,Grace Kelly,South,Corporate
JL-15850,John Lucas,Central,Consumer
CS-12490,Cindy Schnelling,East,Corporate
FW-14395,Fred Wasserman,West,Corporate
SC-20695,Steve Chapman,East,Corporate
JS-16030,Joy Smith,West,Consumer
EB-14170,Evan Bailliet,West,Consumer
NC-18535,Nick Crebassa,South,Corporate
LC-16870,Lena Cacioppo,South,Consumer
PF-19225,Phillip Flathmann,South,Consumer
EM-13825,Elizabeth Moffitt,East,Corporate
CJ-12010,Caroline Jumper,Central,Consumer
TB-21595,Troy Blackwell,West,Consumer
CY-12745,Craig Yedwab,East,Corporate
DL-12865,Dan Lawera,West,Consumer
GA-14515,George Ashbrook,South,Consumer
LP-17095,Liz Preis,East,Consumer
SC-20845,Sung Chung,West,Consumer
JF-15490,Jeremy Farry,Central,Consumer
DH-13075,Dave Hallsten,East,Corporate
SC-20575,Sonia Cooley,East,Consumer
MD-17350,Maribeth Dona,West,Consumer
NH-18610,Nicole Hansen,East,Corporate
CL-12700,Craig Leslie,South,Home Office
CM-12655,Corinna Mitchell,Central,Home Office
MP-17470,Mark Packer,South,Home Office
RC-19960,Ryan Crowe,Central,Consumer
AP-10720,Anne Pryor,West,Home Office
